Date,Symbol,Series,Prev Close,Open,High,Low,Last,Close,VWAP,Volume,Turnover,Trades,Deliverable Volume,%Deliverble
2017-01-02,BPCL,EQ,635.5,640.0,644.75,637.4,639.95,640.5,640.89,1126768,72213891080000.0,23198,385204,0.3419
2017-01-03,BPCL,EQ,640.5,644.0,658.0,636.6,646.25,650.55,650.45,3157385,205371874400000.0,48157,1469059,0.46530000000000005
2017-01-04,BPCL,EQ,650.55,649.8,660.9,641.85,656.65,655.45,652.72,2785408,181810217640000.0,62989,1551408,0.557
2017-01-05,BPCL,EQ,655.45,654.5,674.45,653.0,674.0,672.7,666.97,2480499,165442174990000.0,78798,1529757,0.6167
2017-01-06,BPCL,EQ,672.7,671.0,681.0,661.55,664.25,664.85,669.12,1651118,110478845175000.0,45002,945415,0.5726
2017-01-09,BPCL,EQ,664.85,664.25,667.65,651.0,654.9,653.1,655.41,1173572,76917547235000.0,41576,669928,0.5708
2017-01-10,BPCL,EQ,653.1,659.75,676.0,658.3,659.55,660.3,666.92,1963249,130933765145000.0,43610,1053413,0.5366
2017-01-11,BPCL,EQ,660.3,662.0,666.0,654.7,661.2,660.9,660.0,1672905,110411746925000.0,35032,1005739,0.6012
2017-01-12,BPCL,EQ,660.9,662.0,668.7,657.15,661.0,659.3,661.1,1049093,69355757500000.0,30895,525557,0.501
2017-01-13,BPCL,EQ,659.3,664.9,664.9,651.0,659.15,657.65,656.37,1185483,77811487030000.0,28288,643021,0.5424
2017-01-16,BPCL,EQ,657.65,662.65,671.1,655.6,667.85,668.1,663.71,1311060,87016676615000.0,36202,697060,0.5317000000000001
2017-01-17,BPCL,EQ,668.1,669.95,672.45,662.05,663.05,664.95,666.52,879058,58591131400000.0,27380,313682,0.3568
2017-01-18,BPCL,EQ,664.95,664.1,664.15,650.3,656.45,655.45,656.36,2106126,138237746025000.0,67151,1278892,0.6072
2017-01-19,BPCL,EQ,655.45,657.1,676.7,654.1,674.0,673.9,669.98,1817843,121792510455000.0,40420,626235,0.34450000000000003
2017-01-20,BPCL,EQ,673.9,672.0,676.0,662.0,663.5,664.75,668.52,1363184,91131595290000.0,31393,465206,0.34130000000000005
2017-01-23,BPCL,EQ,664.75,662.0,682.0,661.5,676.35,677.05,675.69,1700482,114899122409999.98,46234,620814,0.3651
2017-01-24,BPCL,EQ,677.05,677.0,688.2,673.7,682.7,682.4,681.93,1855497,126531242070000.0,56006,1007065,0.5427000000000001
2017-01-25,BPCL,EQ,682.4,686.0,718.3,677.65,713.2,711.2,702.48,3631073,255075686219999.97,50319,1886063,0.5194
2017-01-27,BPCL,EQ,711.2,713.0,726.8,691.3,704.0,704.75,712.84,1911251,136241992270000.0,35603,518461,0.2713
2017-01-30,BPCL,EQ,704.75,706.4,708.0,694.7,706.0,704.65,702.18,976208,68547842220000.01,29913,369580,0.3786
2017-01-31,BPCL,EQ,704.65,705.5,705.5,677.05,681.5,681.65,688.45,2274551,156591536300000.0,48475,1379891,0.6067
2017-02-01,BPCL,EQ,681.65,682.05,697.2,673.2,694.5,692.75,687.43,1842902,126687405140000.02,42719,1102640,0.5982999999999999
2017-02-02,BPCL,EQ,692.75,695.0,713.0,694.4,698.0,701.9,704.62,1594154,112327630395000.0,47868,913792,0.5732
2017-02-03,BPCL,EQ,701.9,701.0,701.8,688.8,701.5,698.6,695.95,1632140,113588687255000.0,46088,663596,0.40659999999999996
2017-02-06,BPCL,EQ,698.6,703.4,711.3,699.0,704.0,705.35,705.81,1210895,85465822130000.0,30484,595900,0.49210000000000004
2017-02-07,BPCL,EQ,705.35,707.7,722.95,704.05,717.5,716.65,716.47,2278978,163282385500000.0,59754,1211548,0.5316
2017-02-08,BPCL,EQ,716.65,718.7,727.0,714.1,718.5,720.5,720.24,2335084,168182634380000.0,47212,1502871,0.6436000000000001
2017-02-09,BPCL,EQ,720.5,725.0,729.0,721.05,725.2,726.85,725.11,1978289,143447219180000.0,34454,1246313,0.63
2017-02-10,BPCL,EQ,726.85,733.0,733.0,712.0,714.0,715.55,717.92,2511349,180294002220000.0,59056,1398463,0.5569
2017-02-13,BPCL,EQ,715.55,715.0,718.9,710.05,712.9,714.55,713.47,965865,68911740570000.01,62671,554321,0.5739
2017-02-14,BPCL,EQ,714.55,716.7,716.8,686.8,691.0,692.05,696.45,1815633,126450651925000.0,65651,906010,0.499
2017-02-15,BPCL,EQ,692.05,692.0,699.8,668.0,677.15,674.7,681.51,3226848,219913344975000.0,57391,2094743,0.6492
2017-02-16,BPCL,EQ,674.7,670.55,677.15,662.0,669.25,669.4,667.85,3426844,228860792285000.0,75698,2416434,0.7051000000000001
2017-02-17,BPCL,EQ,669.4,670.6,683.45,665.05,678.3,679.0,678.23,1945661,131961404209999.98,41730,801326,0.4119
2017-02-20,BPCL,EQ,679.0,682.5,702.0,680.05,698.0,700.25,693.49,1947081,135027831805000.0,34372,960635,0.49340000000000006
2017-02-21,BPCL,EQ,700.25,705.0,717.0,701.1,703.3,703.95,708.79,1625624,115221903380000.0,28868,431609,0.2655
2017-02-22,BPCL,EQ,703.95,705.0,718.0,703.6,714.0,714.3,712.32,2467527,175767661920000.0,75953,1383380,0.5606
2017-02-23,BPCL,EQ,714.3,715.0,721.65,706.65,720.9,717.65,715.96,3012465,215680103985000.0,57676,1782361,0.5917
2017-02-27,BPCL,EQ,717.65,714.0,724.8,700.9,709.0,707.7,711.54,2186409,155571626125000.0,54665,1263611,0.5779
2017-02-28,BPCL,EQ,707.7,690.0,694.9,668.0,669.45,670.05,674.43,5014195,338174296295000.0,82883,3564953,0.711
2017-03-01,BPCL,EQ,670.05,675.0,676.9,653.4,659.4,659.45,659.78,3655291,241167776244999.97,61279,2049982,0.5608
2017-03-02,BPCL,EQ,659.45,661.95,665.4,630.85,631.0,635.15,647.12,5939504,384354632070000.0,59188,3703278,0.6235
2017-03-03,BPCL,EQ,635.15,633.9,635.4,615.25,631.6,632.8,626.54,7891413,494430626139999.94,85967,4353904,0.5517000000000001
2017-03-06,BPCL,EQ,632.8,637.3,643.4,632.4,637.4,637.55,637.5,3298606,210285011670000.0,80185,1674186,0.5075000000000001
2017-03-07,BPCL,EQ,637.55,641.0,648.7,638.8,645.15,645.9,645.41,2302760,148622146505000.0,38831,1085180,0.47130000000000005
2017-03-08,BPCL,EQ,645.9,645.5,650.35,630.1,638.2,639.0,637.83,2149074,137075272215000.02,51024,958453,0.446
2017-03-09,BPCL,EQ,639.0,644.15,644.4,630.45,631.25,632.0,635.76,2103688,133743425370000.0,49031,959158,0.4559
2017-03-10,BPCL,EQ,632.0,635.9,636.95,620.1,622.25,623.35,625.45,2435473,152326036115000.0,65303,1249006,0.5128
2017-03-14,BPCL,EQ,623.35,636.0,641.0,629.0,635.0,636.7,636.56,3122006,198733271925000.0,73175,1949250,0.6244
2017-03-15,BPCL,EQ,636.7,635.25,643.85,632.85,636.5,636.5,638.11,1504272,95988884815000.0,30421,637497,0.4238
2017-03-16,BPCL,EQ,636.5,639.0,649.4,637.05,647.4,647.75,643.82,1874814,120703851325000.0,48993,1022810,0.5456000000000001
2017-03-17,BPCL,EQ,647.75,650.0,650.0,638.05,640.7,642.1,641.74,2234658,143407373440000.0,56873,1472907,0.6591
2017-03-20,BPCL,EQ,642.1,640.0,648.0,635.35,642.05,643.6,644.48,1194245,76966541470000.0,31763,605471,0.507
2017-03-21,BPCL,EQ,643.6,642.0,649.0,633.8,641.45,641.9,641.85,1860373,119408535750000.0,48107,1022756,0.5498
2017-03-22,BPCL,EQ,641.9,636.65,648.5,628.05,645.75,645.0,640.78,1964157,125859376000000.0,59765,931372,0.4742
2017-03-23,BPCL,EQ,645.0,655.0,660.0,648.1,655.8,655.05,654.68,3828836,250666074755000.03,50711,1921507,0.5019
2017-03-24,BPCL,EQ,655.05,650.0,652.0,645.1,650.0,649.7,648.49,1835168,119008798725000.0,36762,1082326,0.5898
2017-03-27,BPCL,EQ,649.7,649.8,653.9,640.95,642.5,643.15,644.21,1863308,120036961209999.98,49365,1239565,0.6652
2017-03-28,BPCL,EQ,643.15,641.5,648.4,640.0,647.5,645.95,644.34,1141767,73569032870000.0,39978,625528,0.5479
2017-03-29,BPCL,EQ,645.95,647.5,650.5,641.05,641.5,643.1,644.74,1387916,89484129585000.0,50167,722884,0.5208
2017-03-30,BPCL,EQ,643.1,643.1,646.5,638.45,641.05,640.65,641.32,3104296,199085375165000.0,50463,2485642,0.8007
2017-03-31,BPCL,EQ,640.65,644.0,658.0,642.05,649.45,649.85,651.46,2458379,160152852685000.0,70367,1505778,0.6125
2017-04-03,BPCL,EQ,649.85,649.0,649.55,636.6,639.9,638.4,640.18,1008889,64587187045000.01,32013,547619,0.5428000000000001
2017-04-05,BPCL,EQ,638.4,643.2,643.3,631.2,637.8,637.75,634.69,3364439,213537618845000.0,70614,2524401,0.7503000000000001
2017-04-06,BPCL,EQ,637.75,637.8,647.6,632.5,647.0,646.2,641.05,1842257,118097409915000.02,53047,1204636,0.6539
2017-04-07,BPCL,EQ,646.2,643.0,679.5,642.55,675.8,675.35,666.74,5260351,350726140210000.0,71726,2745085,0.5218
2017-04-10,BPCL,EQ,675.35,680.0,704.85,680.0,697.05,700.3,697.07,5161028,359761664875000.0,74852,2265672,0.439
2017-04-11,BPCL,EQ,700.3,703.9,713.6,700.2,711.6,710.4,709.75,3565925,253092229319999.97,63663,2097681,0.5883
2017-04-12,BPCL,EQ,710.4,713.4,721.65,698.25,718.0,717.3,712.1,2189893,155941206050000.0,68001,651859,0.2977
2017-04-13,BPCL,EQ,717.3,720.85,741.95,711.05,728.9,731.1,730.88,3211310,234708389225000.0,61464,1025280,0.31930000000000003
2017-04-17,BPCL,EQ,731.1,729.0,738.0,718.65,725.3,723.75,726.63,1544672,112240354350000.0,29066,555612,0.3597
2017-04-18,BPCL,EQ,723.75,725.5,736.55,722.15,723.4,724.2,729.43,1743515,127177726155000.0,41454,748806,0.42950000000000005
2017-04-19,BPCL,EQ,724.2,723.4,731.7,711.7,724.65,722.9,721.41,1830694,132067607220000.0,49570,928345,0.5071
2017-04-20,BPCL,EQ,722.9,725.25,729.85,720.0,721.25,721.3,722.6,1233262,89115222865000.0,34858,659183,0.5345000000000001
2017-04-21,BPCL,EQ,721.3,724.45,727.35,713.2,716.4,715.8,717.44,1212266,86972270315000.0,26545,687873,0.5674
2017-04-24,BPCL,EQ,715.8,716.2,720.0,706.05,716.4,714.85,712.82,1415916,100928959765000.0,26528,833874,0.5889
2017-04-25,BPCL,EQ,714.85,717.0,741.8,717.0,740.2,739.35,734.32,2445899,179606994190000.0,58502,1142752,0.4672
2017-04-26,BPCL,EQ,739.35,741.9,744.9,722.5,729.0,731.75,733.21,1324304,97098898925000.0,42804,636172,0.4804
2017-04-27,BPCL,EQ,731.75,731.8,738.45,723.75,736.0,736.0,733.9,1117145,81987053925000.0,28645,376428,0.337
2017-04-28,BPCL,EQ,736.0,739.0,739.7,716.75,725.25,719.25,721.69,1336711,96469255775000.0,39437,717445,0.5367000000000001
2017-05-02,BPCL,EQ,719.25,727.0,743.0,721.25,741.3,739.85,736.55,2209271,162723572795000.0,55450,958645,0.4339
2017-05-03,BPCL,EQ,739.85,744.0,753.55,728.5,737.1,736.2,741.65,2474078,183489719315000.0,47212,938302,0.3793
2017-05-04,BPCL,EQ,736.2,741.0,741.0,719.8,732.3,731.5,727.1,1764395,128289936409999.98,47334,1016438,0.5761000000000001
2017-05-05,BPCL,EQ,731.5,735.0,745.0,720.0,724.7,724.75,731.26,2559463,187164170010000.0,51907,1174463,0.45890000000000003
2017-05-08,BPCL,EQ,724.75,726.0,729.6,710.1,714.8,715.6,717.01,1846513,132396151470000.0,43186,989928,0.5361
2017-05-09,BPCL,EQ,715.6,717.5,723.0,710.35,721.0,721.4,718.55,1280378,92001738990000.0,38345,503595,0.3933
2017-05-10,BPCL,EQ,721.4,727.8,730.0,720.45,729.2,728.25,726.88,1506573,109509206695000.0,40222,773708,0.5136000000000001
2017-05-11,BPCL,EQ,728.25,732.25,735.4,725.0,731.25,730.65,731.32,1338187,97864607115000.0,43812,709727,0.5304
2017-05-12,BPCL,EQ,730.65,730.6,735.95,725.0,733.0,733.15,730.75,1006454,73546489600000.0,25597,422687,0.42
2017-05-15,BPCL,EQ,733.15,734.65,736.0,723.0,729.0,727.85,728.22,839675,61146841320000.01,18823,289193,0.3444
2017-05-16,BPCL,EQ,727.85,727.0,735.0,723.0,733.25,733.3,729.34,871521,63563511090000.0,21083,282494,0.3241
2017-05-17,BPCL,EQ,733.3,732.9,734.0,723.5,727.05,727.45,727.8,1141029,83043601515000.0,35138,537536,0.4711
2017-05-18,BPCL,EQ,727.45,722.2,727.5,711.0,712.6,714.9,717.16,1047741,75139450905000.0,29422,351569,0.33549999999999996
2017-05-19,BPCL,EQ,714.9,715.25,722.45,700.0,703.5,702.45,709.17,1069546,75848798130000.0,44401,407185,0.38070000000000004
2017-05-22,BPCL,EQ,702.45,701.0,701.0,686.55,697.5,695.6,691.93,1506937,104269134165000.0,52019,634958,0.4214
2017-05-23,BPCL,EQ,695.6,694.2,706.0,688.4,700.0,699.55,697.8,1792660,125092405395000.0,66648,964018,0.5378000000000001
2017-05-24,BPCL,EQ,699.55,703.0,716.7,691.25,716.7,711.9,701.99,2350022,164968198145000.0,140564,1479410,0.6295000000000001
2017-05-25,BPCL,EQ,711.9,714.7,733.0,707.0,723.05,726.85,721.79,3558464,256846915355000.03,104647,2017304,0.5669
2017-05-26,BPCL,EQ,726.85,722.1,753.95,703.0,753.0,749.65,727.91,3807638,277160760094999.97,64761,1482083,0.38920000000000005
2017-05-29,BPCL,EQ,749.65,754.0,769.25,747.0,747.95,754.85,757.59,4288268,324876296215000.0,169064,2246971,0.524
2017-05-30,BPCL,EQ,754.85,743.75,744.95,725.7,740.0,738.75,734.38,2473708,181664033510000.0,83656,978649,0.3956
2017-05-31,BPCL,EQ,738.75,740.2,748.15,738.0,739.4,742.65,743.08,2197498,163292366340000.0,88316,1229751,0.5596
2017-06-01,BPCL,EQ,742.65,739.4,746.8,728.95,737.0,739.0,736.02,1503332,110648005605000.0,32527,800261,0.5323
2017-06-02,BPCL,EQ,739.0,738.8,740.0,722.85,723.5,724.8,728.55,1325119,96541099460000.0,47451,732620,0.5529000000000001
2017-06-05,BPCL,EQ,724.8,725.0,737.6,723.65,728.0,728.55,731.62,1346477,98510992370000.0,19346,523893,0.3891
2017-06-06,BPCL,EQ,728.55,731.0,736.0,723.65,726.35,725.55,729.14,1533652,111824896790000.02,45005,888412,0.5793
2017-06-07,BPCL,EQ,725.55,727.0,727.4,711.0,717.05,717.3,715.6,2865029,205022391785000.0,81722,1871440,0.6531999999999999
2017-06-08,BPCL,EQ,717.3,724.85,728.5,705.2,705.5,706.85,712.27,2230516,158873709590000.0,78354,1321275,0.5924
2017-06-09,BPCL,EQ,706.85,709.2,711.35,695.5,703.05,703.75,701.59,1946776,136584457380000.0,60747,918180,0.47159999999999996
2017-06-12,BPCL,EQ,703.75,704.9,706.7,699.0,701.5,701.7,703.18,1739368,122309257830000.0,28894,1018385,0.5855
2017-06-13,BPCL,EQ,701.7,706.7,708.65,697.35,698.0,699.0,702.01,823765,57829360585000.0,27553,353292,0.4289
2017-06-14,BPCL,EQ,699.0,699.0,700.2,689.4,691.55,692.0,692.68,1896344,131356674805000.0,77598,1317203,0.6946
2017-06-15,BPCL,EQ,692.0,692.0,695.0,663.5,670.55,670.4,672.45,4483215,301471590340000.0,85004,2387470,0.5325
2017-06-16,BPCL,EQ,670.4,677.1,683.65,670.5,674.9,673.8,675.66,4679690,316186560530000.0,115515,2901809,0.6201
2017-06-19,BPCL,EQ,673.8,677.0,678.7,666.0,667.95,667.15,670.55,2036679,136570424205000.0,53976,1302473,0.6395000000000001
2017-06-20,BPCL,EQ,667.15,668.05,671.85,662.2,664.8,664.75,666.88,2195045,146382151250000.0,52611,1256115,0.5723
2017-06-21,BPCL,EQ,664.75,667.0,667.0,651.15,654.0,654.4,655.32,2679260,175576451455000.0,88491,1658448,0.619
2017-06-22,BPCL,EQ,654.4,652.2,654.6,637.0,642.75,641.8,644.16,3402724,219190290144999.97,82846,1820314,0.535
2017-06-23,BPCL,EQ,641.8,645.0,646.05,628.6,630.4,630.75,633.56,1757857,111371131895000.0,60442,694401,0.395
2017-06-27,BPCL,EQ,630.75,629.0,629.0,599.0,611.9,612.05,605.78,9429084,571197021690000.0,102181,6112111,0.6482
2017-06-28,BPCL,EQ,612.05,610.0,624.6,608.65,617.1,616.7,618.89,3532200,218604355890000.0,101719,1885931,0.5339
2017-06-29,BPCL,EQ,616.7,617.5,633.3,617.0,627.3,626.05,626.07,5277522,330407894775000.0,117633,3214295,0.6091
2017-06-30,BPCL,EQ,626.05,624.05,641.3,622.35,638.1,639.4,634.25,4307467,273200597765000.0,138071,3098301,0.7193
2017-07-03,BPCL,EQ,639.4,640.1,651.35,640.1,649.0,649.35,647.04,3588253,232174598480000.03,129759,2510733,0.6997
2017-07-04,BPCL,EQ,649.35,647.7,665.0,645.95,657.1,657.2,660.19,7443636,491424094775000.0,58985,5582357,0.75
2017-07-05,BPCL,EQ,657.2,658.0,663.75,656.35,663.0,662.1,661.01,1720386,113718396900000.0,41318,915436,0.5321
2017-07-06,BPCL,EQ,662.1,663.9,664.0,657.5,660.0,660.05,660.31,2409907,159128249725000.0,56223,1805330,0.7491
2017-07-07,BPCL,EQ,660.05,661.0,669.75,659.1,664.05,663.95,665.02,3653118,242939031435000.0,48296,2885631,0.7898999999999999
2017-07-10,BPCL,EQ,663.95,645.2,691.2,645.2,663.7,664.65,667.26,489540,32664837314999.996,5810,394760,0.8064
2017-07-11,BPCL,EQ,664.65,668.9,680.8,664.25,679.95,678.3,674.24,3743038,252371342205000.03,72913,2774047,0.7411
2017-07-12,BPCL,EQ,678.3,684.0,687.0,678.25,684.0,683.7,683.15,3134866,214158660080000.0,73817,2154637,0.6873
2017-07-13,BPCL,EQ,683.7,458.0,465.75,454.4,458.3,458.55,459.27,3875953,178012489655000.0,65001,2132629,0.5502
2017-07-14,BPCL,EQ,458.55,462.9,464.4,456.1,461.0,460.8,460.61,2661189,122576226875000.0,81157,1479104,0.5558
2017-07-17,BPCL,EQ,460.8,461.0,469.0,460.0,468.95,467.45,464.54,2040756,94801494770000.0,33587,1188089,0.5822
2017-07-18,BPCL,EQ,467.45,467.45,475.0,464.35,469.8,468.6,469.95,2797527,131470666130000.0,56007,1653157,0.5909000000000001
2017-07-19,BPCL,EQ,468.6,470.0,472.95,465.6,469.1,469.85,469.01,2545148,119370151645000.0,35874,1749886,0.6875
2017-07-20,BPCL,EQ,469.85,468.85,471.5,463.45,467.5,467.2,467.78,1799528,84178465020000.0,59463,1009345,0.5609000000000001
2017-07-21,BPCL,EQ,467.2,467.2,468.9,461.4,467.1,467.15,465.22,2005524,93301281105000.0,24249,1331016,0.6637000000000001
2017-07-24,BPCL,EQ,467.15,466.1,472.75,464.9,465.9,466.2,468.06,2591181,121282793070000.0,46179,2016961,0.7784000000000001
2017-07-25,BPCL,EQ,466.2,466.25,468.6,463.75,466.4,466.9,466.41,4180442,194980220235000.0,44621,3381815,0.809
2017-07-26,BPCL,EQ,466.9,466.5,472.55,466.5,471.0,471.4,470.3,3228336,151828189380000.0,37487,2437191,0.7549
2017-07-27,BPCL,EQ,471.4,471.4,480.0,471.05,479.85,477.2,474.9,3556685,168908138365000.0,38990,2842789,0.7993000000000001
2017-07-28,BPCL,EQ,477.2,474.0,480.5,469.4,474.0,475.6,475.04,3727475,177069655190000.0,48904,2731268,0.7327
2017-07-31,BPCL,EQ,475.6,472.55,478.1,468.65,471.0,471.15,472.72,3000612,141843889740000.0,43176,2210917,0.7368000000000001
2017-08-01,BPCL,EQ,471.15,472.1,486.95,472.0,484.95,485.6,482.02,3492479,168343640945000.0,60368,2266443,0.6489
2017-08-02,BPCL,EQ,485.6,485.6,489.5,484.7,487.5,486.3,486.39,3574128,173840787090000.0,37902,2569090,0.7188
2017-08-03,BPCL,EQ,486.3,489.3,498.7,485.1,490.15,490.0,491.16,6212375,305128117320000.0,84464,3881619,0.6248
2017-08-04,BPCL,EQ,490.0,491.4,525.5,491.0,518.75,517.9,505.01,5406360,273028525610000.0,73838,2635223,0.48740000000000006
2017-08-07,BPCL,EQ,517.9,520.0,529.0,514.55,525.95,527.7,522.89,4681753,244803096465000.0,83009,1710135,0.3653
2017-08-08,BPCL,EQ,527.7,527.7,528.55,502.75,504.5,505.05,512.59,4298541,220339620075000.0,90711,2515585,0.5852
2017-08-09,BPCL,EQ,505.05,501.5,512.2,493.0,494.95,495.95,502.01,3120575,156656308450000.0,46832,1521985,0.4877
2017-08-10,BPCL,EQ,495.95,493.9,495.0,471.6,482.0,481.5,482.32,4848050,233830982215000.0,94947,2542768,0.5245000000000001
2017-08-11,BPCL,EQ,481.5,475.15,491.95,472.05,484.5,484.3,483.37,4211969,203592220845000.0,84384,1815347,0.43100000000000005
2017-08-14,BPCL,EQ,484.3,483.5,483.5,465.3,478.8,478.35,474.08,4842669,229579206485000.0,69250,2357592,0.4868
2017-08-16,BPCL,EQ,478.35,479.85,488.2,474.0,484.65,483.95,481.14,3202080,154063343395000.0,71778,1760246,0.5497
2017-08-17,BPCL,EQ,483.95,485.0,504.3,480.15,494.2,493.7,494.38,4640313,229405648369999.97,74891,1485267,0.3201
2017-08-18,BPCL,EQ,493.7,493.0,511.6,488.0,504.6,503.3,503.56,5973154,300785313735000.0,92511,2257974,0.378
2017-08-21,BPCL,EQ,503.3,506.3,515.8,495.1,498.6,497.75,505.42,4359678,220345976710000.0,81672,1904772,0.4369
2017-08-22,BPCL,EQ,497.75,493.5,513.0,493.5,511.65,510.35,506.41,4590059,232444491675000.0,96904,1767998,0.38520000000000004
2017-08-23,BPCL,EQ,510.35,514.95,514.95,506.1,509.4,509.7,509.48,3071333,156477439605000.0,55545,1523753,0.4961
2017-08-24,BPCL,EQ,509.7,510.35,514.5,504.25,508.5,508.2,508.82,2927916,148976949460000.0,49168,1693403,0.5784
2017-08-28,BPCL,EQ,508.2,508.3,509.85,500.5,508.3,508.0,506.06,3110427,157406642040000.0,77112,1966356,0.6322
2017-08-29,BPCL,EQ,508.0,508.0,518.45,501.45,503.05,504.1,511.1,3872671,197933861815000.0,63890,1382724,0.35700000000000004
2017-08-30,BPCL,EQ,504.1,510.9,524.3,508.0,521.0,520.95,518.3,4117206,213394879990000.0,60753,1784468,0.43340000000000006
2017-08-31,BPCL,EQ,520.95,520.5,534.45,516.9,528.05,529.0,527.98,5963684,314873441195000.0,118812,2903143,0.4868
2017-09-01,BPCL,EQ,529.0,532.0,539.85,525.1,536.2,537.4,531.29,3655195,194195129420000.0,83540,1861326,0.5092
2017-09-04,BPCL,EQ,537.4,537.4,546.1,527.5,529.85,531.15,538.15,4481134,241150305225000.0,64832,1774037,0.39590000000000003
2017-09-05,BPCL,EQ,531.15,530.1,541.5,527.5,538.8,539.25,534.51,2009172,107391568559999.98,36797,605377,0.3013
2017-09-06,BPCL,EQ,539.25,537.3,537.3,529.75,534.9,534.9,533.24,1845891,98431158295000.0,41669,705051,0.38200000000000006
2017-09-07,BPCL,EQ,534.9,538.0,538.75,521.95,523.2,524.1,526.52,3264681,171891730535000.0,71474,1743266,0.534
2017-09-08,BPCL,EQ,524.1,525.0,527.7,511.2,513.2,513.35,516.87,3212539,166045287035000.0,77238,1709184,0.532
2017-09-11,BPCL,EQ,513.35,519.0,523.8,510.5,513.65,512.25,515.63,3026548,156057986965000.0,106680,1765822,0.5834
2017-09-12,BPCL,EQ,512.25,515.9,535.15,512.55,534.6,533.85,527.27,3957122,208646402740000.0,81511,1276005,0.3225
2017-09-13,BPCL,EQ,533.85,536.0,540.4,489.0,499.4,500.2,510.59,8981024,458565550839999.94,103642,3672404,0.40890000000000004
2017-09-14,BPCL,EQ,500.2,520.0,524.9,487.05,501.0,500.5,502.03,15828064,794613781100000.0,182506,4867880,0.3075
2017-09-15,BPCL,EQ,500.5,500.0,503.0,491.25,498.5,497.25,497.07,5342585,265562513715000.0,73931,2453552,0.45920000000000005
2017-09-18,BPCL,EQ,497.25,504.0,506.8,493.35,498.2,497.95,498.93,2851570,142272982350000.0,52853,988310,0.34659999999999996
2017-09-19,BPCL,EQ,497.95,498.9,508.2,493.65,507.25,506.9,504.06,3969923,200108863960000.0,62040,1818054,0.45799999999999996
2017-09-20,BPCL,EQ,506.9,507.0,507.0,492.5,494.5,494.3,495.24,6309697,312480785615000.0,100716,3566423,0.5652
2017-09-21,BPCL,EQ,494.3,495.0,500.0,490.75,495.15,496.15,495.77,5455368,270460508975000.0,52067,3394505,0.6222
2017-09-22,BPCL,EQ,496.15,494.05,497.25,483.1,492.5,492.0,490.27,4810438,235840850800000.0,55614,2210967,0.4596
2017-09-25,BPCL,EQ,492.0,487.7,492.5,478.25,487.0,487.15,484.8,3637371,176339940680000.0,52095,1793173,0.493
2017-09-26,BPCL,EQ,487.15,483.0,485.55,460.05,468.5,469.25,470.83,9210056,433638534025000.0,105652,4124394,0.44780000000000003
2017-09-27,BPCL,EQ,469.25,472.0,476.5,462.65,466.0,465.6,468.93,5548780,260199949300000.0,69513,2864687,0.5163
2017-09-28,BPCL,EQ,465.6,463.3,465.4,449.4,463.0,462.85,458.53,6846279,313919218400000.0,77506,3632119,0.5305
2017-09-29,BPCL,EQ,462.85,466.0,476.0,462.1,475.0,471.3,469.97,6028154,283306381325000.0,71459,3229278,0.5357000000000001
2017-10-03,BPCL,EQ,471.3,477.0,481.7,467.0,478.75,478.85,474.33,3270183,155116017595000.0,37876,1625737,0.49710000000000004
2017-10-04,BPCL,EQ,478.85,493.25,493.4,476.35,486.0,486.15,484.23,4929189,238685342975000.0,53340,1683263,0.34149999999999997
2017-10-05,BPCL,EQ,486.15,482.1,484.75,475.2,480.0,480.1,480.1,2928097,140578972940000.02,27361,1018408,0.3478
2017-10-06,BPCL,EQ,480.1,480.0,492.8,478.15,488.9,489.6,484.14,2496805,120881056950000.0,31133,793919,0.318
2017-10-09,BPCL,EQ,489.6,486.0,492.05,479.6,481.9,481.25,483.82,3036615,146917909200000.0,39083,1254841,0.4132
2017-10-10,BPCL,EQ,481.25,482.0,484.25,476.1,482.3,482.3,480.61,3175579,152621464230000.0,79965,1683155,0.53
2017-10-11,BPCL,EQ,482.3,481.05,496.0,479.3,487.4,489.35,488.81,6006098,293585769115000.0,75630,2577283,0.4291
2017-10-12,BPCL,EQ,489.35,490.25,494.25,486.5,493.7,491.6,490.44,2321678,113863859765000.02,31761,1040095,0.44799999999999995
2017-10-13,BPCL,EQ,491.6,492.4,494.0,484.0,484.3,488.7,489.21,3247000,158847495745000.0,38310,2032870,0.6261
2017-10-16,BPCL,EQ,488.7,490.0,501.0,489.0,498.0,498.4,497.36,4149330,206369350860000.0,54476,1912238,0.46090000000000003
2017-10-17,BPCL,EQ,498.4,498.0,514.5,494.05,514.0,512.75,509.06,4449253,226494905894999.97,69248,1628921,0.3661
2017-10-18,BPCL,EQ,512.75,513.75,519.45,508.0,514.65,513.6,513.99,2687829,138151909030000.0,43674,1078042,0.4011
2017-10-19,BPCL,EQ,513.6,516.45,516.45,504.8,509.9,508.15,510.34,206300,10528251215000.0,3105,34468,0.1671
2017-10-23,BPCL,EQ,508.15,509.95,519.6,508.1,511.0,511.3,512.68,2140573,109743299380000.0,69134,1043117,0.48729999999999996
2017-10-24,BPCL,EQ,511.3,513.5,516.35,505.3,510.1,509.65,511.72,2070164,105934831545000.0,40253,1258775,0.6081000000000001
2017-10-25,BPCL,EQ,509.65,515.0,515.0,505.0,509.25,509.8,509.14,3190106,162421059120000.0,46646,2073426,0.65
2017-10-26,BPCL,EQ,509.8,510.0,539.85,509.45,536.05,536.45,531.88,7486609,398199789600000.0,113815,4304430,0.5750000000000001
2017-10-27,BPCL,EQ,536.45,541.45,548.75,523.35,529.45,527.95,532.19,9078313,483135793405000.0,172458,5475604,0.6032000000000001
2017-10-30,BPCL,EQ,527.95,526.5,551.55,524.6,534.85,536.25,540.96,3421726,185103231690000.0,54548,1242496,0.36310000000000003
2017-10-31,BPCL,EQ,536.25,535.55,544.35,527.0,540.5,541.6,537.87,3195489,171874510800000.0,53354,1445555,0.4524
2017-11-01,BPCL,EQ,541.6,542.0,544.9,534.05,540.5,539.8,538.94,2464379,132816199965000.02,56068,1127930,0.45770000000000005
2017-11-02,BPCL,EQ,539.8,544.9,546.6,535.5,544.1,542.85,541.3,2486376,134588732434999.98,37268,1335798,0.5372
2017-11-03,BPCL,EQ,542.85,540.2,543.5,531.2,533.2,533.1,535.25,2226073,119151512315000.02,38243,1127871,0.5067
2017-11-06,BPCL,EQ,533.1,533.2,533.25,521.0,525.0,524.2,523.92,3386236,177413042500000.0,88390,1994401,0.589
2017-11-07,BPCL,EQ,524.2,525.0,525.05,508.4,524.8,521.4,517.32,4163902,215408945015000.0,54654,2100246,0.5044
2017-11-08,BPCL,EQ,521.4,524.95,527.15,511.2,521.05,520.2,516.45,2305081,119046494400000.0,39682,1082322,0.46950000000000003
2017-11-09,BPCL,EQ,520.2,520.65,526.0,515.0,523.55,522.15,520.1,2260061,117546779475000.0,44204,1016130,0.4496
2017-11-10,BPCL,EQ,522.15,516.0,516.3,508.05,513.0,512.1,511.68,2686694,137471986365000.02,43972,1301451,0.4844
2017-11-13,BPCL,EQ,512.1,517.2,517.8,493.35,498.5,500.6,500.4,4389689,219661306819999.97,78160,1689852,0.385
2017-11-14,BPCL,EQ,500.6,495.75,500.0,487.45,493.3,493.05,491.48,3148613,154748294285000.0,50761,1504527,0.4778
2017-11-15,BPCL,EQ,493.05,495.0,508.8,495.0,507.0,504.7,505.18,4117602,208013231320000.0,45964,1482751,0.3601
2017-11-16,BPCL,EQ,504.7,507.0,509.75,492.8,501.15,499.35,498.72,2605098,129922662530000.0,37594,1100232,0.42229999999999995
2017-11-17,BPCL,EQ,499.35,504.6,507.0,495.45,502.5,504.0,502.07,2980186,149627399735000.0,36502,1316716,0.4418
2017-11-20,BPCL,EQ,504.0,502.55,507.8,496.5,504.45,504.45,502.45,1790444,89960746065000.0,23791,496628,0.2774
2017-11-21,BPCL,EQ,504.45,506.0,514.5,499.25,512.0,511.5,509.49,4044509,206065237545000.0,49063,2277083,0.563
2017-11-22,BPCL,EQ,511.5,514.3,514.4,503.6,508.5,507.7,507.63,2000237,101538782180000.0,26001,1002303,0.5011
2017-11-23,BPCL,EQ,507.7,507.0,513.0,501.25,504.7,505.15,506.45,3451343,174792245875000.0,36339,2109928,0.6113000000000001
2017-11-24,BPCL,EQ,505.15,503.0,511.85,502.95,511.05,511.0,509.25,1761995,89728891970000.0,25115,942416,0.5349
2017-11-27,BPCL,EQ,511.0,507.0,510.55,501.5,510.0,508.45,505.57,2732306,138137664905000.0,38288,1545413,0.5656
2017-11-28,BPCL,EQ,508.45,505.0,508.8,500.3,507.6,507.6,504.82,4066465,205285292310000.0,54980,1905433,0.4686
2017-11-29,BPCL,EQ,507.6,507.4,516.5,503.05,507.0,507.8,509.52,2759777,140617067845000.0,49084,1270436,0.46030000000000004
2017-11-30,BPCL,EQ,507.8,505.8,513.65,501.3,503.0,503.85,506.03,6083478,307841552790000.0,84227,3900386,0.6411
2017-12-01,BPCL,EQ,503.85,504.8,507.65,493.65,494.85,496.4,501.15,1651505,82765517835000.0,29612,462057,0.2798
2017-12-04,BPCL,EQ,496.4,497.0,500.0,490.45,496.5,496.2,495.75,1562380,77455599090000.0,28730,536174,0.3432
2017-12-05,BPCL,EQ,496.2,495.5,505.0,495.05,502.5,500.9,501.25,2398200,120210034145000.0,45593,961868,0.4011
2017-12-06,BPCL,EQ,500.9,501.15,502.9,489.35,490.85,490.95,495.08,2928030,144960710220000.0,80731,1440407,0.4919
2017-12-07,BPCL,EQ,490.95,491.0,500.0,491.0,499.85,499.1,496.95,1350279,67102198520000.01,47635,528419,0.39130000000000004
2017-12-08,BPCL,EQ,499.1,498.5,515.9,498.45,514.15,514.45,508.0,2816688,143087899145000.0,63408,1160266,0.4119
2017-12-11,BPCL,EQ,514.45,519.85,521.65,512.2,514.15,514.2,516.61,2567093,132617365400000.0,53388,911850,0.3552
2017-12-12,BPCL,EQ,514.2,517.0,517.9,497.1,498.65,498.95,502.53,1976642,99332809695000.0,30545,559391,0.28300000000000003
2017-12-13,BPCL,EQ,498.95,500.0,512.5,495.05,507.35,506.3,507.09,3006485,152455541050000.0,40780,706852,0.23510000000000003
2017-12-14,BPCL,EQ,506.3,509.95,515.7,505.45,513.0,513.55,511.0,3908315,199714718770000.0,62765,1617708,0.4139
2017-12-15,BPCL,EQ,513.55,524.0,525.0,516.2,524.95,523.05,521.52,3885064,202613127070000.0,77775,2508856,0.6458
2017-12-18,BPCL,EQ,523.05,522.4,529.85,505.35,529.25,526.4,521.08,4986311,259828295230000.03,78508,2736068,0.5487
2017-12-19,BPCL,EQ,526.4,529.0,533.95,526.05,532.7,533.05,531.77,3899556,207367054945000.0,64421,2185706,0.5605
2017-12-20,BPCL,EQ,533.05,534.0,534.9,526.95,533.3,532.05,531.15,2725082,144743576295000.0,49101,1600067,0.5872
2017-12-21,BPCL,EQ,532.05,531.0,540.5,528.25,533.0,535.1,535.7,2747860,147202886795000.0,43271,1370156,0.4986
2017-12-22,BPCL,EQ,535.1,533.1,536.6,529.3,536.1,535.15,533.73,1886590,100692698535000.0,50542,1002823,0.5316
2017-12-26,BPCL,EQ,535.15,534.9,542.5,530.8,535.9,538.9,535.92,2023385,108438076255000.0,47382,868207,0.4291
2017-12-27,BPCL,EQ,538.9,534.95,541.2,531.25,534.0,533.4,536.7,1783603,95726653625000.0,37676,793792,0.445
2017-12-28,BPCL,EQ,533.4,531.65,537.9,522.1,522.8,526.2,528.64,4992425,263917730494999.97,60455,3181620,0.6373
2017-12-29,BPCL,EQ,526.2,523.25,529.75,515.4,517.5,517.7,520.88,1604217,83559845660000.0,33714,505979,0.3154
2018-01-01,BPCL,EQ,517.7,518.0,523.0,507.2,508.75,508.6,512.53,1940293,99445935175000.0,23827,910182,0.46909999999999996
2018-01-02,BPCL,EQ,508.6,511.3,512.95,497.2,499.6,499.8,501.04,2536583,127093977965000.02,42921,1102033,0.43450000000000005
2018-01-03,BPCL,EQ,499.8,500.15,504.9,493.4,494.35,494.9,498.08,3870814,192796395225000.0,90579,1967305,0.5082
2018-01-04,BPCL,EQ,494.9,495.0,495.5,490.5,491.5,491.5,492.12,2720308,133873107230000.0,56022,1665833,0.6124
2018-01-05,BPCL,EQ,491.5,491.0,494.0,483.7,488.45,487.7,487.77,2939239,143367771335000.0,70045,1734527,0.5901
2018-01-08,BPCL,EQ,487.7,490.0,501.5,490.0,496.95,497.2,496.2,4990626,247636643130000.03,113503,2880953,0.5773
2018-01-09,BPCL,EQ,497.2,499.0,500.75,491.25,496.0,496.1,496.32,3653710,181339264360000.0,89865,2001695,0.5479
2018-01-10,BPCL,EQ,496.1,494.55,498.2,493.5,493.5,494.3,495.27,3121408,154594748595000.0,70917,1938504,0.621
2018-01-11,BPCL,EQ,494.3,495.0,495.0,488.75,491.55,492.4,490.91,2958652,145244082915000.0,71437,1623528,0.5487
2018-01-12,BPCL,EQ,492.4,490.5,493.0,487.65,489.6,489.9,490.52,2808710,137773156984999.98,63496,1784219,0.6352000000000001
2018-01-15,BPCL,EQ,489.9,490.2,493.9,485.8,487.3,487.2,489.44,4078228,199603051935000.0,97949,2625377,0.6437999999999999
2018-01-16,BPCL,EQ,487.2,488.0,488.15,475.45,479.0,479.45,478.95,4661889,223281417894999.97,100435,2337399,0.5014000000000001
2018-01-17,BPCL,EQ,479.45,479.0,484.0,474.75,479.9,479.85,478.68,3397744,162642111970000.0,51521,1997037,0.5878
2018-01-18,BPCL,EQ,479.85,480.1,482.75,468.0,470.1,470.25,474.51,3671246,174204100835000.0,77494,2423504,0.6601
2018-01-19,BPCL,EQ,470.25,471.9,478.5,465.4,477.05,477.3,472.6,3908165,184700388030000.0,80221,2176789,0.557
2018-01-22,BPCL,EQ,477.3,480.0,480.05,465.25,469.6,469.15,469.16,2168115,101718264200000.0,48556,846889,0.39060000000000006
2018-01-23,BPCL,EQ,469.15,472.9,483.0,469.0,480.55,481.15,476.05,3779440,179919845140000.0,86786,2210423,0.5849000000000001
2018-01-24,BPCL,EQ,481.15,481.0,482.5,473.15,481.7,480.5,478.05,2540792,121463803645000.0,51619,1538549,0.6055
2018-01-25,BPCL,EQ,480.5,486.0,486.5,473.6,480.75,480.65,479.69,4016765,192679845155000.0,60548,2441674,0.6079
2018-01-29,BPCL,EQ,480.65,480.5,480.55,468.25,469.5,469.8,473.18,2647116,125256100405000.0,64191,1528215,0.5773
2018-01-30,BPCL,EQ,469.8,469.2,492.6,468.95,480.9,485.6,483.87,6592554,318990891505000.0,78386,3555207,0.5393
2018-01-31,BPCL,EQ,485.6,486.0,493.6,483.35,490.1,492.3,489.49,6111327,299144259700000.0,169004,3970294,0.6497
2018-02-01,BPCL,EQ,492.3,491.1,493.9,481.45,489.0,490.35,488.5,3649443,178274183625000.0,51609,2064724,0.5658
2018-02-02,BPCL,EQ,490.35,483.05,492.6,472.35,472.8,477.15,485.4,2990091,145139591870000.0,45927,1693672,0.5664
2018-02-05,BPCL,EQ,477.15,470.0,488.75,466.05,477.5,475.95,478.86,3435092,164492281600000.0,49664,1828278,0.5322
2018-02-06,BPCL,EQ,475.95,465.0,477.9,465.0,467.5,467.2,469.57,3148093,147824578110000.0,51987,1687127,0.5359
2018-02-07,BPCL,EQ,467.2,473.05,481.6,468.65,478.5,476.25,475.84,3631470,172801384830000.0,66204,1650711,0.4546
2018-02-08,BPCL,EQ,476.25,483.4,494.0,476.8,479.1,478.2,487.26,6038834,294246338230000.0,87021,3373461,0.5586
2018-02-09,BPCL,EQ,478.2,476.0,479.9,468.7,475.15,475.4,473.81,2862450,135625426790000.02,46360,950999,0.3322
2018-02-12,BPCL,EQ,475.4,481.0,481.8,462.5,466.5,467.55,466.76,4569433,213283734790000.0,60372,2590762,0.5670000000000001
2018-02-14,BPCL,EQ,467.55,469.0,469.9,459.1,460.0,460.1,462.24,4451284,205758144425000.0,74803,2830321,0.6358
2018-02-15,BPCL,EQ,460.1,461.0,476.65,461.0,475.65,475.05,469.75,4723739,221895713390000.0,65044,2357257,0.499
2018-02-16,BPCL,EQ,475.05,477.0,477.75,465.0,465.25,465.7,468.89,2413209,113153045820000.0,43294,1179517,0.4888
2018-02-19,BPCL,EQ,465.7,468.0,468.25,453.4,456.25,456.85,458.93,1842905,84575877920000.0,50284,796557,0.4322
2018-02-20,BPCL,EQ,456.85,457.2,459.6,451.85,453.2,453.05,454.38,2250010,102236013695000.0,40870,950475,0.42240000000000005
2018-02-21,BPCL,EQ,453.05,458.15,458.15,440.1,447.5,447.55,445.08,9163043,407827719670000.0,95451,6539731,0.7137000000000001
2018-02-22,BPCL,EQ,447.55,431.2,435.85,425.45,428.1,427.45,428.54,8907361,381716337885000.0,96603,4817048,0.5408
2018-02-23,BPCL,EQ,427.45,429.05,433.0,422.7,430.2,429.9,428.57,3418049,146488419995000.0,79930,1689584,0.4943
2018-02-26,BPCL,EQ,429.9,434.0,443.0,431.1,431.85,433.0,437.03,5897086,257721309335000.0,83867,3532358,0.599
2018-02-27,BPCL,EQ,433.0,435.5,436.35,424.45,427.8,426.95,428.75,6814803,292187506125000.0,92574,4406067,0.6465000000000001
2018-02-28,BPCL,EQ,426.95,425.0,430.85,424.15,429.25,429.55,428.01,6071324,259859634760000.0,56664,4485058,0.7387
2018-03-01,BPCL,EQ,429.55,432.0,443.9,430.2,442.8,441.9,439.75,6222197,273622048130000.03,97230,3022538,0.4858
2018-03-05,BPCL,EQ,441.9,441.55,441.75,433.0,434.0,434.3,434.85,2843005,123628046605000.0,68693,1904807,0.67
2018-03-06,BPCL,EQ,434.3,441.0,455.0,435.5,445.1,445.2,446.44,7854169,350641634335000.0,84501,3122177,0.3975
2018-03-07,BPCL,EQ,445.2,445.1,448.65,438.7,444.95,443.4,444.34,3474437,154384348870000.0,64187,1925802,0.5543
2018-03-08,BPCL,EQ,443.4,446.0,446.95,431.6,441.95,442.2,439.64,3945689,173467638820000.0,55522,2180108,0.5525
2018-03-09,BPCL,EQ,442.2,443.2,444.9,438.0,440.2,439.4,441.19,3712782,163804234685000.0,68199,2435896,0.6561
2018-03-12,BPCL,EQ,439.4,440.0,448.0,437.95,446.5,446.75,442.17,2541996,112400653509999.98,47005,1326968,0.522
2018-03-13,BPCL,EQ,446.75,447.0,468.4,445.55,464.85,466.65,462.17,4170537,192750157215000.0,66679,1678231,0.40240000000000004
2018-03-14,BPCL,EQ,466.65,464.0,464.45,457.45,462.8,462.8,461.21,2851889,131532039390000.02,57233,1293749,0.4536
2018-03-15,BPCL,EQ,462.8,462.0,465.5,456.1,462.0,462.05,460.53,1828571,84211855360000.0,29425,746168,0.4081
2018-03-16,BPCL,EQ,462.05,456.5,458.5,443.0,446.2,447.55,448.95,6147327,275985321240000.0,124095,3309324,0.5383
2018-03-19,BPCL,EQ,447.55,446.0,446.0,429.0,431.0,430.75,431.72,4955340,213930528120000.0,104822,2429829,0.4903
2018-03-20,BPCL,EQ,430.75,429.0,438.8,422.5,426.0,424.9,430.24,2812798,121018793905000.0,38728,1285096,0.4569
2018-03-21,BPCL,EQ,424.9,426.7,434.5,424.75,430.65,430.65,430.09,2900337,124741189334999.98,40571,1282280,0.4421
2018-03-22,BPCL,EQ,430.65,432.5,432.5,413.6,414.0,414.7,418.16,4748632,198567908915000.0,120506,1946047,0.4098
2018-03-23,BPCL,EQ,414.7,409.9,417.55,406.25,412.1,413.45,411.9,3663740,150909125615000.0,71290,1139353,0.311
2018-03-26,BPCL,EQ,413.45,412.5,422.8,402.5,422.8,419.55,409.91,3729942,152894565140000.0,44841,1058804,0.2839
2018-03-27,BPCL,EQ,419.55,422.8,426.0,415.15,419.2,420.75,420.52,4748218,199673805990000.0,92809,1932003,0.4069
2018-03-28,BPCL,EQ,420.75,419.0,430.0,415.65,427.65,427.45,425.8,5863342,249658826450000.0,90430,3158216,0.5386
2018-04-02,BPCL,EQ,427.45,428.85,433.5,422.25,423.6,423.4,424.97,2292147,97409068360000.0,58900,1162015,0.507
2018-04-03,BPCL,EQ,423.4,423.7,429.8,423.7,425.95,426.25,427.23,3570144,152527952605000.0,66121,2107220,0.5902000000000001
2018-04-04,BPCL,EQ,426.25,429.0,429.0,413.8,414.5,414.95,418.72,2451414,102645607795000.0,75422,1011061,0.41240000000000004
2018-04-05,BPCL,EQ,414.95,417.65,423.6,416.55,421.5,422.45,420.76,1836525,77273653305000.0,41332,651051,0.35450000000000004
2018-04-06,BPCL,EQ,422.45,423.0,435.2,423.0,433.2,433.95,431.2,3530121,152219813670000.0,42861,1381088,0.3912
2018-04-09,BPCL,EQ,433.95,437.9,453.85,435.0,450.35,450.35,447.96,6248014,279885190610000.0,85728,2588593,0.4143
2018-04-10,BPCL,EQ,450.35,454.0,454.5,439.2,453.45,451.15,448.39,5034563,225743906085000.0,93090,2748264,0.5459
2018-04-11,BPCL,EQ,451.15,446.95,451.0,415.1,415.4,417.3,422.99,18488413,782039489810000.0,172098,9259684,0.5008
2018-04-12,BPCL,EQ,417.3,414.0,423.25,402.45,417.0,418.65,412.03,19347963,797191391625000.0,181872,7119903,0.368
2018-04-13,BPCL,EQ,418.65,421.0,421.95,403.5,406.0,405.4,410.35,8810694,361550729450000.0,161415,3361059,0.3815
2018-04-16,BPCL,EQ,405.4,405.0,410.85,400.05,407.7,408.2,406.12,5507775,223684435455000.03,74084,1363225,0.2475
2018-04-17,BPCL,EQ,408.2,410.0,412.4,403.45,409.95,410.65,408.17,6389248,260792758890000.0,67881,2785377,0.43590000000000007
2018-04-18,BPCL,EQ,410.65,407.2,409.0,402.55,405.5,405.2,405.19,5162348,209175452010000.0,93598,1922985,0.3725
2018-04-19,BPCL,EQ,405.2,396.0,397.85,375.35,376.4,376.55,382.56,15936417,609657298815000.0,189628,6787724,0.42590000000000006
2018-04-20,BPCL,EQ,376.55,371.85,381.9,369.85,371.0,371.4,375.36,11704053,439320479780000.0,136833,3743003,0.31980000000000003
2018-04-23,BPCL,EQ,371.4,376.0,385.2,373.6,381.25,381.35,379.19,8684457,329307878205000.0,89573,2236872,0.2576
2018-04-24,BPCL,EQ,381.35,376.1,388.45,376.0,383.2,383.7,383.46,6391570,245088623935000.0,90876,1778168,0.2782
2018-04-25,BPCL,EQ,383.7,385.3,390.95,382.15,385.2,385.8,387.42,6676411,258657939340000.0,104463,3367395,0.5044
2018-04-26,BPCL,EQ,385.8,388.3,388.3,377.2,387.0,385.5,381.91,3946642,150724797915000.0,55315,1108753,0.2809
2018-04-27,BPCL,EQ,385.5,387.85,394.75,383.2,389.0,390.15,391.13,4446504,173916965215000.0,64184,1435249,0.32280000000000003
2018-04-30,BPCL,EQ,390.15,395.0,396.45,384.1,386.55,387.35,389.32,3962157,154253486950000.0,59705,1632339,0.41200000000000003
2018-05-02,BPCL,EQ,387.35,390.6,391.25,380.0,380.75,380.95,383.99,2297416,88217435045000.0,63768,873756,0.3803
2018-05-03,BPCL,EQ,380.95,380.2,380.55,374.0,377.5,377.7,377.27,2889031,108994272005000.0,39170,813132,0.2815
2018-05-04,BPCL,EQ,377.7,375.0,383.55,372.1,379.7,380.2,379.31,3667556,139115524450000.0,35371,1405548,0.3832
2018-05-07,BPCL,EQ,380.2,375.5,388.3,374.0,385.7,385.8,382.72,3809454,145795582385000.0,36971,1102392,0.28940000000000005
2018-05-08,BPCL,EQ,385.8,381.0,395.4,381.0,393.0,392.6,390.69,5972247,233327937725000.0,68768,2108900,0.3531
2018-05-09,BPCL,EQ,392.6,381.25,387.5,377.45,385.0,385.45,382.1,10857613,414869997265000.0,95059,4367170,0.4022
2018-05-10,BPCL,EQ,385.45,385.9,391.35,380.85,390.0,390.2,388.06,4196834,162864303725000.0,49473,1626839,0.3876
2018-05-11,BPCL,EQ,390.2,389.25,400.5,389.25,399.9,399.3,397.87,4525599,180058139640000.0,43741,1556952,0.344
2018-05-14,BPCL,EQ,399.3,402.0,410.4,399.45,404.5,404.2,404.45,4045396,163616245220000.0,78858,1317940,0.3258
2018-05-15,BPCL,EQ,404.2,402.0,413.0,399.55,405.95,405.8,407.93,5175926,211142672965000.0,85179,2366822,0.4573
2018-05-16,BPCL,EQ,405.8,405.8,405.8,396.1,397.0,398.35,399.58,4858677,194142934015000.0,71941,2755797,0.5672
2018-05-17,BPCL,EQ,398.35,395.0,395.0,385.15,390.5,390.6,389.64,6449296,251291752744999.97,59587,3005928,0.4661
2018-05-18,BPCL,EQ,390.6,389.0,392.75,382.7,387.65,386.35,386.87,6591571,255007169844999.97,79739,2542018,0.38560000000000005
2018-05-21,BPCL,EQ,386.35,388.0,394.7,385.5,393.9,393.85,391.83,4331525,169720351865000.0,57217,2547382,0.5881000000000001
2018-05-22,BPCL,EQ,393.85,395.5,400.45,388.4,396.85,397.6,394.73,5789219,228518180555000.03,67562,3078470,0.5318
2018-05-23,BPCL,EQ,397.6,393.8,394.5,370.05,376.0,373.95,376.47,9982653,375818102030000.0,139090,4302635,0.43100000000000005
2018-05-24,BPCL,EQ,373.95,376.0,376.85,359.55,370.0,371.35,367.34,8733949,320833973395000.0,107625,3905411,0.4472
2018-05-25,BPCL,EQ,371.35,371.0,383.0,367.25,381.3,380.55,376.33,8218196,309273257935000.0,81957,4090007,0.49770000000000003
2018-05-28,BPCL,EQ,380.55,395.0,405.35,393.0,401.25,402.0,400.88,7161336,287085463635000.0,77278,2909108,0.4062
2018-05-29,BPCL,EQ,402.0,402.1,410.65,400.3,404.45,405.35,405.79,4902822,198949227550000.0,74578,1576027,0.3215
2018-05-30,BPCL,EQ,405.35,407.5,409.0,395.95,400.2,400.25,400.4,6102774,244355424310000.0,82920,2374994,0.38920000000000005
2018-05-31,BPCL,EQ,400.25,400.25,407.7,392.95,406.0,403.95,402.23,8807443,354260659595000.0,96152,4840071,0.5495
2018-06-01,BPCL,EQ,403.95,405.0,411.5,403.55,408.55,409.25,408.6,5185052,211863323985000.0,70423,2355074,0.45420000000000005
2018-06-04,BPCL,EQ,409.25,411.1,417.05,393.05,407.9,408.5,407.62,7862335,320481214590000.0,124496,3311846,0.42119999999999996
2018-06-05,BPCL,EQ,408.5,409.9,410.45,403.05,406.8,405.35,406.91,3511616,142891434410000.0,102426,1878499,0.5349
2018-06-06,BPCL,EQ,405.35,408.0,412.0,405.1,409.0,410.0,408.34,2931303,119696725925000.0,49738,1522697,0.5195000000000001
2018-06-07,BPCL,EQ,410.0,411.0,417.85,410.2,415.95,416.05,414.55,3043594,126171247955000.0,55383,1245058,0.40909999999999996
2018-06-08,BPCL,EQ,416.05,412.1,412.8,404.9,410.0,409.85,408.07,3242037,132298507925000.0,55571,1177614,0.3632
2018-06-11,BPCL,EQ,409.85,410.0,418.0,408.6,414.2,414.4,415.31,6333917,263054554390000.0,41984,4671894,0.7376
2018-06-12,BPCL,EQ,414.4,418.0,420.5,414.7,415.5,415.1,416.82,3432976,143094960420000.0,61534,1827868,0.5324
2018-06-13,BPCL,EQ,415.1,417.5,421.45,413.6,419.0,419.9,418.43,5181852,216825835910000.0,85533,3287132,0.6344
2018-06-14,BPCL,EQ,419.9,419.9,419.9,413.7,418.0,416.35,415.94,3748520,155916026130000.0,76663,2748200,0.7331000000000001
2018-06-15,BPCL,EQ,416.35,416.5,416.6,409.3,411.35,412.25,413.31,6200928,256290118005000.03,87362,4931991,0.7954000000000001
2018-06-18,BPCL,EQ,412.25,419.5,429.15,415.75,421.5,423.1,422.61,6473424,273572728515000.0,93306,2887391,0.446
2018-06-19,BPCL,EQ,423.1,418.85,420.0,408.45,413.6,413.6,412.11,4299021,177167415425000.0,80197,2153804,0.501
2018-06-20,BPCL,EQ,413.6,415.0,418.0,405.05,411.0,410.7,410.18,3012519,123568635155000.0,35818,1412958,0.469
2018-06-21,BPCL,EQ,410.7,414.9,426.4,407.25,426.0,421.95,414.66,4296333,178153533225000.0,87762,1693607,0.39420000000000005
2018-06-22,BPCL,EQ,421.95,423.0,429.0,420.2,424.05,426.35,425.81,7297576,310738955600000.0,96057,2120233,0.29050000000000004
2018-06-25,BPCL,EQ,426.35,424.0,425.0,409.3,412.0,412.0,413.6,5366864,221975124435000.0,78840,2262696,0.4216
2018-06-26,BPCL,EQ,412.0,407.65,417.75,407.5,415.15,415.25,414.89,4210730,174698014565000.0,63660,2080566,0.4941
2018-06-27,BPCL,EQ,415.25,408.0,408.7,378.4,380.65,382.8,391.58,8500664,332872034845000.0,87646,2345707,0.2759
2018-06-28,BPCL,EQ,382.8,372.0,385.2,363.5,369.0,366.95,372.6,13350963,497455671120000.0,126557,3477965,0.2605
2018-06-29,BPCL,EQ,366.95,370.0,378.9,361.85,375.0,373.3,371.05,6923201,256882728235000.0,82712,1305836,0.1886
2018-07-02,BPCL,EQ,373.3,375.0,378.0,367.25,368.3,369.2,370.61,4534866,168064556475000.0,47652,1491612,0.3289
2018-07-03,BPCL,EQ,369.2,367.75,376.75,364.1,373.65,373.9,372.96,3996833,149065911840000.0,57492,1118899,0.2799
2018-07-04,BPCL,EQ,373.9,373.0,375.45,364.65,369.0,367.85,368.01,3360223,123658722530000.0,57753,1233760,0.36719999999999997
2018-07-05,BPCL,EQ,367.85,371.7,375.5,369.1,371.3,371.55,372.34,4211975,156827838900000.0,54457,901351,0.214
2018-07-06,BPCL,EQ,371.55,375.0,381.4,372.55,373.4,374.55,378.25,6921258,261797607510000.0,76922,2961333,0.4279
2018-07-09,BPCL,EQ,374.55,376.0,378.6,371.1,376.35,376.3,375.76,2290472,86065687100000.0,39935,557820,0.24350000000000002
2018-07-10,BPCL,EQ,376.3,376.4,377.75,373.55,374.8,375.25,375.75,1687856,63420649615000.0,35225,477819,0.2831
2018-07-11,BPCL,EQ,375.25,375.9,379.0,363.75,370.8,366.5,369.14,4161891,153631044255000.0,66374,1926254,0.46280000000000004
2018-07-12,BPCL,EQ,366.5,386.0,386.0,376.05,377.1,377.35,380.67,6037471,229830524040000.0,59122,1089346,0.1804
2018-07-13,BPCL,EQ,377.35,381.1,389.0,375.3,387.05,386.65,382.97,5863561,224557941400000.0,80503,1973152,0.33649999999999997
2018-07-16,BPCL,EQ,386.65,385.0,392.0,379.9,383.0,382.2,385.22,3535136,136181869755000.0,55326,1144790,0.32380000000000003
2018-07-17,BPCL,EQ,382.2,389.95,395.5,384.6,393.95,392.65,391.19,7021980,274690779750000.0,88361,1591129,0.2266
2018-07-18,BPCL,EQ,392.65,396.0,404.85,393.9,401.5,402.35,399.7,6700271,267807272919999.97,95470,2157361,0.322
2018-07-19,BPCL,EQ,402.35,399.9,402.95,391.45,399.5,398.3,397.94,2945262,117202489330000.0,50095,592030,0.201
2018-07-20,BPCL,EQ,398.3,394.1,395.0,384.15,388.7,388.85,389.09,4250615,165389087910000.0,73255,1204769,0.2834
2018-07-23,BPCL,EQ,388.85,391.5,400.5,384.6,389.1,389.7,391.87,3779284,148098877795000.0,45510,1131434,0.2994
2018-07-24,BPCL,EQ,389.7,392.7,397.95,389.65,396.2,396.95,394.05,2829717,111504912684999.98,59228,1057816,0.3738
2018-07-25,BPCL,EQ,396.95,391.35,399.3,388.55,394.95,395.65,393.85,2749066,108273023470000.0,36326,804974,0.2928
2018-07-26,BPCL,EQ,395.65,390.75,396.3,387.7,388.7,388.9,390.44,5872115,229270663794999.97,56643,3149317,0.5363
2018-07-27,BPCL,EQ,388.9,390.0,399.0,384.05,396.6,397.2,391.07,3490928,136519530240000.02,42564,692328,0.19829999999999998
2018-07-30,BPCL,EQ,397.2,399.0,407.5,392.7,395.55,395.75,398.82,4155413,165724773975000.0,51319,1357683,0.32670000000000005
2018-07-31,BPCL,EQ,395.75,391.1,392.9,385.65,390.5,389.75,388.25,3896168,151269591995000.0,53540,1246236,0.3199
2018-08-01,BPCL,EQ,389.75,395.0,399.9,393.2,397.0,396.0,396.3,4396488,174233646685000.0,68442,1305606,0.297
2018-08-02,BPCL,EQ,396.0,401.4,404.0,397.5,402.1,401.8,401.71,4192400,168414315300000.0,55733,1172665,0.2797
2018-08-03,BPCL,EQ,401.8,398.0,405.0,396.0,400.9,400.95,401.63,2911929,116953217015000.02,38926,1194600,0.41020000000000006
2018-08-06,BPCL,EQ,400.95,400.0,404.0,399.45,400.75,401.0,401.52,1741153,69910993310000.0,21815,696950,0.40030000000000004
2018-08-07,BPCL,EQ,401.0,401.0,402.3,392.6,394.2,394.1,396.5,1905451,75550196915000.0,24585,527123,0.2766
2018-08-08,BPCL,EQ,394.1,395.0,397.85,383.15,388.95,387.3,389.96,4234812,165140204915000.0,45246,798816,0.1886
2018-08-09,BPCL,EQ,387.3,397.5,397.5,385.9,388.75,388.95,389.6,5418177,211093165295000.0,60864,1079321,0.19920000000000002
2018-08-10,BPCL,EQ,388.95,391.45,404.0,387.6,401.0,401.6,396.51,5553298,220191638569999.97,64601,1480705,0.2666
2018-08-13,BPCL,EQ,401.6,400.4,400.4,376.5,378.5,379.7,387.78,4383497,169984955300000.0,58969,1541204,0.35159999999999997
2018-08-14,BPCL,EQ,379.7,382.5,383.45,375.75,376.9,376.65,378.66,4304827,163008527135000.0,51828,1633378,0.37939999999999996
2018-08-16,BPCL,EQ,376.65,380.0,384.0,375.25,378.3,378.3,378.94,3910069,148166812880000.0,86491,1543229,0.3947
2018-08-17,BPCL,EQ,378.3,381.0,381.0,375.1,377.0,377.6,377.88,2717107,102675055860000.0,60413,1028652,0.3786
2018-08-20,BPCL,EQ,377.6,378.1,382.25,374.45,377.0,375.95,378.35,3398521,128584395350000.0,49972,1701789,0.5007
2018-08-21,BPCL,EQ,375.95,378.5,378.5,368.1,369.3,368.75,370.81,5566455,206410242330000.0,71905,2751840,0.4944
2018-08-23,BPCL,EQ,368.75,369.3,369.65,357.0,358.5,357.75,359.58,7090247,254950017305000.03,106515,3070479,0.43310000000000004
2018-08-24,BPCL,EQ,357.75,358.25,362.0,353.5,357.75,356.95,357.33,4865929,173872536965000.0,77863,1857253,0.38170000000000004
2018-08-27,BPCL,EQ,356.95,358.5,362.35,357.0,361.8,361.55,359.78,3173548,114177837315000.02,46329,1317615,0.4152
2018-08-28,BPCL,EQ,361.55,361.55,364.9,357.15,358.8,358.55,360.74,3873689,139740729684999.98,46506,1505757,0.3887
2018-08-29,BPCL,EQ,358.55,358.5,363.3,357.0,361.65,361.7,360.76,3368409,121520060809999.98,40679,1367287,0.40590000000000004
2018-08-30,BPCL,EQ,361.7,359.9,364.5,357.85,362.85,363.35,361.82,4065049,147079683235000.0,40564,1861681,0.45799999999999996
2018-08-31,BPCL,EQ,363.35,356.0,366.3,356.0,361.5,362.1,361.6,6004323,217118687130000.03,87908,3212183,0.535
2018-09-03,BPCL,EQ,362.1,365.5,365.5,358.6,359.8,360.1,362.23,2179617,78951788435000.0,30794,578394,0.26539999999999997
2018-09-04,BPCL,EQ,360.1,358.5,359.85,350.0,350.75,351.3,354.13,3627260,128451423595000.0,52239,1425986,0.3931
2018-09-05,BPCL,EQ,351.3,349.5,355.75,345.5,349.6,349.1,350.1,3936302,137811463565000.02,65749,1156328,0.2938
2018-09-06,BPCL,EQ,349.1,351.15,354.95,349.65,353.0,353.6,352.38,3767662,132765997005000.0,63700,1715816,0.4554
2018-09-07,BPCL,EQ,353.6,355.4,359.5,353.05,356.9,356.95,356.51,3489651,124407806070000.0,56212,1616271,0.4632
2018-09-10,BPCL,EQ,356.95,357.0,357.05,343.5,344.05,344.1,347.63,4834420,168059882330000.0,78324,2361535,0.48850000000000005
2018-09-11,BPCL,EQ,344.1,345.8,349.0,337.1,337.95,338.05,341.76,4888147,167057518105000.0,58520,1391655,0.2847
2018-09-12,BPCL,EQ,338.05,336.7,336.7,324.25,335.35,334.15,330.57,6221211,205655423955000.0,92682,2167959,0.34850000000000003
2018-09-14,BPCL,EQ,334.15,340.15,356.6,340.0,355.25,354.5,349.46,9330736,326069919610000.0,108286,2988960,0.32030000000000003
2018-09-17,BPCL,EQ,354.5,353.05,367.25,348.1,364.2,364.0,361.73,8976872,324717296840000.0,81461,1746639,0.19460000000000002
2018-09-18,BPCL,EQ,364.0,365.0,369.25,352.2,357.0,355.1,361.74,6186710,223798032085000.0,83246,1651907,0.267
2018-09-19,BPCL,EQ,355.1,357.5,366.6,353.65,364.5,365.05,363.42,4710916,171203326960000.0,64760,1194816,0.2536
2018-09-21,BPCL,EQ,365.05,370.15,378.95,361.65,376.0,376.5,373.04,8147865,303948563170000.0,95070,4005764,0.4916
2018-09-24,BPCL,EQ,376.5,375.25,383.45,365.55,368.1,367.4,374.72,6565681,246029337040000.0,86230,1835273,0.2795
2018-09-25,BPCL,EQ,367.4,358.0,365.45,355.1,364.0,364.2,359.49,3946701,141881343670000.0,40709,954678,0.24190000000000003
2018-09-26,BPCL,EQ,364.2,370.8,370.8,361.35,367.65,368.65,365.91,3152317,115346756934999.98,39783,783836,0.2487
2018-09-27,BPCL,EQ,368.65,367.95,374.75,365.3,371.1,372.2,371.26,3431012,127378922580000.0,40889,1171191,0.34140000000000004
2018-09-28,BPCL,EQ,372.2,373.3,377.4,365.65,374.95,374.15,372.56,3814888,142128489045000.0,60061,1707377,0.4476
2018-10-01,BPCL,EQ,374.15,372.0,372.75,360.25,370.0,368.35,364.43,3158157,115093566845000.0,39410,1056702,0.3346
2018-10-03,BPCL,EQ,368.35,362.9,381.8,359.35,377.0,377.85,371.82,4871882,181147586030000.0,76274,913423,0.1875
2018-10-04,BPCL,EQ,377.85,372.0,383.8,303.85,306.5,331.15,355.41,9920597,352589114435000.0,91724,3286760,0.33130000000000004
2018-10-05,BPCL,EQ,331.15,298.05,298.05,238.55,266.25,265.3,265.4,55720377,1478834771840000.0,414561,23488962,0.4216
2018-10-08,BPCL,EQ,265.3,273.0,279.95,257.05,265.0,264.9,265.85,25730600,684041439300000.0,304910,9548932,0.3711
2018-10-09,BPCL,EQ,264.9,267.0,268.1,255.2,256.55,257.2,259.51,12179626,316073423175000.0,138577,6198676,0.5089
2018-10-10,BPCL,EQ,257.2,258.9,273.55,256.0,265.2,265.4,262.52,9024397,236912650450000.0,100774,4254374,0.47140000000000004
2018-10-11,BPCL,EQ,265.4,262.0,284.5,259.2,278.25,278.15,273.46,21987920,601277780110000.0,235984,8255474,0.3755
2018-10-12,BPCL,EQ,278.15,289.0,295.7,280.1,287.85,288.9,288.39,11268098,324957407465000.0,176186,3571540,0.317
2018-10-15,BPCL,EQ,288.9,290.9,300.7,277.5,295.55,296.35,290.2,9146418,265433515140000.0,96475,2255156,0.2466
2018-10-16,BPCL,EQ,296.35,296.5,305.5,291.7,302.85,302.1,299.34,7872391,235652521900000.0,122757,2616384,0.3323
2018-10-17,BPCL,EQ,302.1,303.0,304.45,283.2,285.45,285.15,290.86,6519818,189635940060000.0,116190,2209781,0.33890000000000003
2018-10-19,BPCL,EQ,285.15,290.1,291.9,280.4,283.0,283.55,284.72,11469464,326564035340000.0,135418,6399729,0.5579999999999999
2018-10-22,BPCL,EQ,283.55,285.45,286.95,270.1,270.75,271.15,275.09,4792671,131841972575000.0,75482,1756943,0.3666
2018-10-23,BPCL,EQ,271.15,268.0,273.7,260.5,273.0,269.55,265.38,8756457,232383081860000.0,114634,4024291,0.4596
2018-10-24,BPCL,EQ,269.55,278.95,286.0,274.45,280.15,281.55,280.53,13895599,389820173565000.0,162034,5055951,0.3639
2018-10-25,BPCL,EQ,281.55,278.55,282.3,274.2,277.25,277.0,278.44,9059983,252266854615000.0,101778,4302181,0.47490000000000004
2018-10-26,BPCL,EQ,277.0,277.25,280.5,266.5,280.4,275.2,273.02,7291686,199080678175000.0,89791,3207034,0.43979999999999997
2018-10-29,BPCL,EQ,275.2,277.9,281.0,270.5,276.5,277.35,275.38,4994246,137529266765000.02,56474,1347247,0.2698
2018-10-30,BPCL,EQ,277.35,271.05,273.7,264.05,265.9,266.35,267.95,10499832,281346042280000.03,124140,3013569,0.287
2018-10-31,BPCL,EQ,266.35,266.35,276.45,264.1,274.0,275.1,270.37,5814220,157199516900000.0,121029,2569821,0.44200000000000006
2018-11-01,BPCL,EQ,275.1,278.2,287.0,275.1,286.0,283.45,281.51,7515034,211557336580000.0,136547,3932448,0.5233
2018-11-02,BPCL,EQ,283.45,295.0,308.0,292.2,301.0,302.35,299.7,17132661,513459042080000.0,209574,7177213,0.4189
2018-11-05,BPCL,EQ,302.35,302.0,302.45,290.0,291.8,291.8,293.74,3944595,115870135800000.0,58307,1141475,0.28940000000000005
2018-11-06,BPCL,EQ,291.8,291.65,294.4,284.0,285.3,285.1,287.76,3258280,93761446805000.0,62637,1135041,0.34840000000000004
2018-11-07,BPCL,EQ,285.1,288.0,289.95,286.4,288.8,288.75,288.89,529542,15298135375000.0,6531,111281,0.2101
2018-11-09,BPCL,EQ,288.75,293.9,297.9,290.3,296.65,296.85,294.92,6557964,193410576430000.0,117865,2623414,0.4
2018-11-12,BPCL,EQ,296.85,294.5,301.15,290.05,290.8,291.2,295.43,6014731,177693006275000.0,63364,2648374,0.4403
2018-11-13,BPCL,EQ,291.2,295.2,304.6,295.2,302.7,303.15,302.0,7713771,232957950000000.0,109515,2990759,0.38770000000000004
2018-11-14,BPCL,EQ,303.15,313.0,329.4,312.85,314.05,315.95,322.41,14830631,478159288310000.06,171612,4249921,0.2866
2018-11-15,BPCL,EQ,315.95,315.5,323.45,308.5,322.5,321.85,315.99,5867109,185397129140000.0,65431,1238985,0.21120000000000003
2018-11-16,BPCL,EQ,321.85,319.6,325.25,315.9,319.5,322.05,321.06,4971098,159603270795000.0,61072,1957466,0.39380000000000004
2018-11-19,BPCL,EQ,322.05,320.75,324.55,316.9,324.55,322.95,320.8,2741478,87946507270000.0,45718,843633,0.30770000000000003
2018-11-20,BPCL,EQ,322.95,325.2,329.95,321.1,322.0,322.9,325.41,4442573,144564495380000.0,63394,1315858,0.2962
2018-11-21,BPCL,EQ,322.9,337.0,342.85,325.3,325.9,326.6,332.15,7762147,257821435740000.0,72185,1360367,0.1753
2018-11-22,BPCL,EQ,326.6,326.8,328.0,317.55,319.3,320.1,321.86,3572378,114981726565000.02,50879,818229,0.22899999999999998
2018-11-26,BPCL,EQ,320.1,330.1,332.9,323.45,326.55,327.35,326.84,7145152,233530519905000.03,103635,2597330,0.36350000000000005
2018-11-27,BPCL,EQ,327.35,325.55,336.5,322.15,335.3,335.5,330.9,5145814,170272446830000.0,48487,1737769,0.33770000000000006
2018-11-28,BPCL,EQ,335.5,334.7,335.3,318.6,320.2,320.15,325.56,5122465,166766597705000.0,67845,2300054,0.449
2018-11-29,BPCL,EQ,320.15,327.35,332.0,325.2,329.45,328.5,328.34,8891722,291952849615000.0,90063,3860758,0.43420000000000003
2018-11-30,BPCL,EQ,328.5,329.1,331.8,320.4,326.05,324.4,324.69,9121147,296150587220000.0,67518,5197604,0.5698
2018-12-03,BPCL,EQ,324.4,322.0,326.95,317.65,325.5,323.95,321.74,4579421,147340202505000.0,56322,1774413,0.3875
2018-12-04,BPCL,EQ,323.95,322.0,334.9,320.5,333.0,333.7,330.9,5235211,173233292150000.0,51175,1130249,0.2159
2018-12-05,BPCL,EQ,333.7,332.15,338.35,328.05,330.05,329.45,332.14,4769965,158428843040000.0,52334,820513,0.172
2018-12-06,BPCL,EQ,329.45,328.0,331.55,323.0,324.95,324.9,327.03,3606906,117957272125000.0,47236,1129577,0.31320000000000003
2018-12-07,BPCL,EQ,324.9,328.4,330.95,321.45,326.0,325.4,325.57,5147209,167575546555000.0,55504,2815813,0.5471
2018-12-10,BPCL,EQ,325.4,318.0,332.5,317.2,331.0,330.25,324.96,5809027,188772207825000.0,71956,1760191,0.303
2018-12-11,BPCL,EQ,330.25,326.0,330.0,321.6,326.0,326.75,324.88,5430906,176440623585000.0,53381,2037106,0.3751
2018-12-12,BPCL,EQ,326.75,326.7,330.25,324.4,328.4,329.4,327.46,3128563,102449102395000.0,53022,694488,0.222
2018-12-13,BPCL,EQ,329.4,329.75,337.3,329.75,334.85,334.9,334.54,2985438,99874131335000.0,42141,826488,0.2768
2018-12-14,BPCL,EQ,334.9,334.65,349.4,330.75,344.95,345.3,341.21,3599106,122804273450000.0,65874,1358509,0.3775
2018-12-17,BPCL,EQ,345.3,345.0,351.95,341.45,351.95,350.35,346.54,3727207,129162492265000.02,46005,1148001,0.308
2018-12-18,BPCL,EQ,350.35,353.1,357.6,348.7,353.4,353.25,352.15,4493815,158250351090000.0,48639,961617,0.214
2018-12-19,BPCL,EQ,353.25,358.4,363.0,355.1,360.5,361.75,358.92,3675214,131909062015000.02,55996,1223883,0.33299999999999996
2018-12-20,BPCL,EQ,361.75,357.0,371.9,356.1,370.5,371.1,365.28,3608758,131820636930000.0,47316,836598,0.2318
2018-12-21,BPCL,EQ,371.1,374.7,376.1,368.1,374.35,374.65,372.86,5232821,195110481120000.0,57683,1528627,0.2921
2018-12-24,BPCL,EQ,374.65,374.1,376.5,363.8,365.7,364.95,370.25,3245626,120168994984999.98,34506,719687,0.2217
2018-12-26,BPCL,EQ,364.95,368.8,371.3,358.2,367.2,366.35,365.0,6477931,236446667855000.03,157812,2839170,0.43829999999999997
2018-12-27,BPCL,EQ,366.35,361.0,368.75,354.9,359.0,364.6,362.59,7312769,265151746680000.03,94553,2976087,0.40700000000000003
2018-12-28,BPCL,EQ,364.6,361.8,369.8,360.2,361.2,361.9,365.31,4677713,170882684140000.0,98110,2095372,0.4479
2018-12-31,BPCL,EQ,361.9,361.9,364.8,358.8,363.0,362.75,362.09,3391001,122784719790000.02,72397,1219193,0.35950000000000004
2019-01-01,BPCL,EQ,362.75,361.05,369.3,360.0,368.5,367.2,363.76,1552711,56481145820000.01,16239,227983,0.1468
2019-01-02,BPCL,EQ,367.2,366.0,366.0,346.75,355.65,357.95,356.03,9862795,351148938875000.0,112530,3681400,0.37329999999999997
2019-01-03,BPCL,EQ,357.95,352.0,354.8,348.15,351.8,352.5,351.27,4986130,175149829060000.0,61850,1487442,0.2983
2019-01-04,BPCL,EQ,352.5,351.8,361.7,351.5,359.45,359.45,358.35,3858610,138273055645000.0,47465,1025915,0.2659
2019-01-07,BPCL,EQ,359.45,360.0,362.8,354.0,354.75,355.55,358.59,2895410,103826516240000.0,41584,1172334,0.40490000000000004
2019-01-08,BPCL,EQ,355.55,355.1,355.9,350.05,350.65,351.95,352.88,2171045,76612089960000.0,44063,884382,0.40740000000000004
2019-01-09,BPCL,EQ,351.95,351.0,351.5,338.0,340.0,340.05,343.45,4565866,156813941380000.0,62035,1903136,0.4168
2019-01-10,BPCL,EQ,340.05,336.9,338.75,333.0,335.4,335.6,335.31,4886802,163860391160000.0,51237,2645904,0.5414
2019-01-11,BPCL,EQ,335.6,336.0,339.7,334.55,336.0,337.3,337.39,2334810,78774680380000.0,29733,754558,0.3232
2019-01-14,BPCL,EQ,337.3,338.9,339.85,331.55,334.5,334.95,334.4,3758311,125678151025000.0,39643,2088088,0.5556
2019-01-15,BPCL,EQ,334.95,336.9,343.35,336.2,341.85,341.7,340.2,3456956,117606324540000.02,49469,2143273,0.62
2019-01-16,BPCL,EQ,341.7,345.4,349.0,342.35,347.1,347.25,346.13,4781001,165485041840000.0,65476,1414562,0.2959
2019-01-17,BPCL,EQ,347.25,347.1,357.0,346.05,354.15,355.2,352.26,3949498,139124816020000.0,45420,1452091,0.3677
2019-01-18,BPCL,EQ,355.2,353.9,357.7,351.3,353.9,354.2,354.26,2504157,88712245875000.0,38048,982550,0.3924
2019-01-21,BPCL,EQ,354.2,351.1,355.7,348.3,351.6,351.55,351.7,1942818,68329686995000.01,23367,324251,0.16690000000000002
2019-01-22,BPCL,EQ,351.55,351.5,357.6,351.05,352.45,353.8,355.27,2343970,83274112890000.0,46935,813734,0.3472
2019-01-23,BPCL,EQ,353.8,354.5,358.65,354.4,356.2,357.15,356.74,1986513,70866384660000.0,29647,757561,0.3814
2019-01-24,BPCL,EQ,357.15,357.15,360.25,352.25,354.0,353.95,356.4,1647059,58701007300000.0,22981,434893,0.264
2019-01-25,BPCL,EQ,353.95,355.0,360.35,355.0,356.15,357.45,358.08,1934416,69268498929999.99,41365,723780,0.37420000000000003
2019-01-28,BPCL,EQ,357.45,357.0,357.9,346.2,347.6,348.7,351.4,1451374,51000930815000.0,31321,566476,0.39030000000000004
2019-01-29,BPCL,EQ,348.7,348.1,353.45,340.7,344.9,344.9,347.3,3099307,107639557440000.02,62730,1219618,0.3935
2019-01-30,BPCL,EQ,344.9,344.5,344.8,336.5,340.2,342.7,340.18,2782631,94660616570000.0,47309,1013392,0.3642
2019-01-31,BPCL,EQ,342.7,340.75,351.0,338.1,347.0,345.45,345.13,7819453,269872876894999.97,74441,5227490,0.6685
2019-02-01,BPCL,EQ,345.45,347.2,348.7,338.4,342.0,341.0,341.32,2722370,92920943715000.0,43496,1215420,0.4465
2019-02-04,BPCL,EQ,341.0,340.0,341.95,336.05,338.5,338.55,338.62,2154768,72963889790000.0,32233,872594,0.405
2019-02-05,BPCL,EQ,338.55,338.5,340.3,336.6,337.2,337.95,338.42,1292066,43726164190000.0,21051,421652,0.32630000000000003
2019-02-06,BPCL,EQ,337.95,337.95,341.4,336.7,340.0,339.3,339.15,2095411,71065113655000.0,39802,1127701,0.5382
2019-02-07,BPCL,EQ,339.3,339.75,342.05,337.9,339.5,339.4,339.93,1524023,51806252725000.0,20943,703394,0.4615
2019-02-08,BPCL,EQ,339.4,340.3,346.8,335.05,337.75,337.4,342.05,3341371,114291505870000.0,39446,970585,0.29050000000000004
2019-02-11,BPCL,EQ,337.4,333.0,337.5,328.0,334.0,333.6,333.64,3314948,110598461475000.0,33267,960142,0.2896
2019-02-12,BPCL,EQ,333.6,334.0,343.5,334.0,339.3,339.3,339.8,3040248,103308761820000.0,45640,1058886,0.3483
2019-02-13,BPCL,EQ,339.3,340.0,341.4,326.3,328.8,329.45,330.39,4859232,160543429685000.0,54938,2685916,0.5527000000000001
2019-02-14,BPCL,EQ,329.45,326.1,328.2,312.05,317.55,315.65,317.09,10644570,337525223685000.0,95677,4882473,0.4587
2019-02-15,BPCL,EQ,315.65,318.0,329.0,318.0,327.75,327.85,324.87,6707128,217893194969999.97,83968,2367574,0.353
2019-02-18,BPCL,EQ,327.85,322.55,330.1,322.55,327.8,327.75,326.99,3952632,129248263720000.0,48776,1516810,0.3837
2019-02-19,BPCL,EQ,327.75,326.0,338.8,325.55,336.75,335.25,334.91,3833168,128376178780000.0,48655,1304919,0.3404
2019-02-20,BPCL,EQ,335.25,338.0,344.75,336.1,340.0,341.1,340.78,6282741,214101779975000.0,98351,2744076,0.4368
2019-02-21,BPCL,EQ,341.1,328.0,337.65,326.25,337.0,335.3,332.24,4676884,155384186945000.0,58945,1621805,0.3468
2019-02-22,BPCL,EQ,335.3,337.0,347.0,335.7,345.95,344.2,342.99,4854900,166520273710000.0,67722,1727703,0.35590000000000005
2019-02-25,BPCL,EQ,344.2,345.0,345.25,334.25,336.0,336.05,337.39,7015596,236701612930000.03,121066,3704462,0.528
2019-02-26,BPCL,EQ,336.05,336.05,337.95,329.25,336.65,336.65,333.86,4529397,151217332240000.0,74715,1824641,0.40280000000000005
2019-02-27,BPCL,EQ,336.65,338.0,341.6,329.85,330.55,330.7,333.14,4500049,149915757885000.0,57994,2193912,0.4875
2019-02-28,BPCL,EQ,330.7,334.0,340.0,330.0,338.5,337.55,335.82,8969419,301209489555000.0,64182,6485586,0.7231000000000001
2019-03-01,BPCL,EQ,337.55,338.25,347.55,337.15,346.6,346.05,341.39,2872248,98055862475000.0,55791,1192673,0.4152
2019-03-05,BPCL,EQ,346.05,346.05,365.45,345.45,363.0,362.5,357.96,6380951,228410558175000.0,134759,2437214,0.38200000000000006
2019-03-06,BPCL,EQ,362.5,364.8,373.8,363.35,372.8,372.7,369.94,6098612,225610559885000.0,131305,2534997,0.4157
2019-03-07,BPCL,EQ,372.7,373.55,376.95,369.0,369.7,370.7,372.74,5694924,212270266550000.0,96859,3049113,0.5354
2019-03-08,BPCL,EQ,370.7,370.9,371.4,364.65,369.5,367.35,367.77,2812574,103439084265000.0,67234,1098400,0.39049999999999996
2019-03-11,BPCL,EQ,367.35,369.45,388.5,368.8,387.0,387.05,382.96,9486915,363307098435000.0,97033,4449153,0.469
2019-03-12,BPCL,EQ,387.05,388.4,394.4,384.3,388.8,390.2,389.72,6095923,237571224000000.0,98307,2256310,0.3701
2019-03-13,BPCL,EQ,390.2,390.0,392.5,382.55,389.4,389.05,387.56,4784090,185414076915000.0,50719,1505153,0.3146
2019-03-14,BPCL,EQ,389.05,388.95,391.35,382.65,390.9,390.3,388.2,2047865,79498808290000.0,35975,589609,0.2879
2019-03-15,BPCL,EQ,390.3,391.0,398.3,389.4,396.0,396.3,395.2,8629091,341018155525000.0,64591,5252656,0.6087
2019-03-18,BPCL,EQ,396.3,398.0,408.9,398.0,406.6,405.55,404.74,7393221,299235033725000.0,71986,2359053,0.3191
2019-03-19,BPCL,EQ,405.55,408.0,409.9,402.55,409.2,407.8,406.32,4222676,171575436810000.0,59977,1258063,0.2979
2019-03-20,BPCL,EQ,407.8,407.2,407.5,386.5,387.5,389.15,393.29,5286335,207905864380000.0,61241,1577295,0.2984
2019-03-22,BPCL,EQ,389.15,389.5,394.7,376.45,377.0,378.95,382.81,5918848,226577413900000.0,69901,2426405,0.40990000000000004
2019-03-25,BPCL,EQ,378.95,378.75,385.25,375.05,383.95,383.7,382.3,4164765,159216934585000.0,52030,1133410,0.2721
2019-03-26,BPCL,EQ,383.7,384.25,388.4,376.5,384.4,383.9,382.61,4257821,162909085075000.0,45548,1411880,0.33159999999999995
2019-03-27,BPCL,EQ,383.9,384.45,386.0,377.3,379.0,378.95,380.03,3310956,125826588665000.02,60841,1224432,0.36979999999999996
2019-03-28,BPCL,EQ,378.95,379.55,389.05,378.35,387.3,385.85,384.58,5584974,214784485590000.0,63058,2728752,0.4886
2019-03-29,BPCL,EQ,385.85,387.9,398.9,387.0,397.8,397.55,393.64,4551656,179172959430000.0,72057,1502402,0.3301
2019-04-01,BPCL,EQ,397.55,398.0,399.5,390.5,391.4,391.9,393.65,2630426,103545600060000.0,47635,522622,0.19870000000000002
2019-04-02,BPCL,EQ,391.9,387.9,391.35,378.05,382.4,380.5,384.63,5408395,208022711025000.0,70800,1902118,0.3517
2019-04-03,BPCL,EQ,380.5,382.0,382.0,362.15,363.0,363.2,367.57,8289954,304713882720000.0,117942,3711107,0.44770000000000004
2019-04-04,BPCL,EQ,363.2,363.0,363.0,353.5,353.9,354.3,357.21,10199796,364350227870000.0,96939,5241716,0.5139
2019-04-05,BPCL,EQ,354.3,353.6,359.5,353.6,358.25,358.1,357.59,4544024,162488383605000.0,42050,1849132,0.4069
2019-04-08,BPCL,EQ,358.1,354.85,354.85,349.0,350.3,351.0,351.36,3959107,139105356545000.0,48486,1163302,0.2938
2019-04-09,BPCL,EQ,351.0,346.5,357.4,345.05,355.6,356.3,353.28,4946892,174763480955000.0,72086,817768,0.1653
2019-04-10,BPCL,EQ,356.3,356.0,360.0,353.1,359.0,357.75,357.27,4116880,147081960965000.0,41259,1691125,0.4108
2019-04-11,BPCL,EQ,357.75,358.5,364.0,356.0,361.05,361.7,362.02,6301405,228123118935000.0,88686,2411098,0.3826
2019-04-12,BPCL,EQ,361.7,363.9,367.8,358.15,360.1,361.15,363.53,5118046,186055800905000.0,55899,1280766,0.2502
2019-04-15,BPCL,EQ,361.15,361.9,363.0,356.7,358.5,358.4,358.96,2239031,80372032145000.0,32549,773058,0.3453
2019-04-16,BPCL,EQ,358.4,360.1,361.95,355.25,357.3,357.5,358.4,4265946,152891911420000.0,61384,1478177,0.3465
2019-04-18,BPCL,EQ,357.5,358.0,365.0,353.8,362.95,362.9,361.23,4787566,172943232850000.0,57653,1161074,0.2425
2019-04-22,BPCL,EQ,362.9,353.8,354.4,339.0,339.95,340.1,344.1,6921422,238168806090000.0,79064,1614917,0.23329999999999998
2019-04-23,BPCL,EQ,340.1,338.0,342.35,333.45,337.0,336.35,336.39,8348582,280841743285000.0,119895,3245262,0.3887
2019-04-24,BPCL,EQ,336.35,340.1,349.9,340.1,348.95,349.0,345.46,6936714,239636756500000.0,76242,1599187,0.2305
2019-04-25,BPCL,EQ,349.0,348.95,359.45,347.6,357.8,358.25,356.27,9780157,348435387615000.0,116488,3788880,0.3874
2019-04-26,BPCL,EQ,358.25,357.8,372.3,357.8,371.8,371.05,367.61,9284106,341292167775000.0,108917,3137955,0.33799999999999997
2019-04-30,BPCL,EQ,371.05,373.35,383.8,369.55,380.1,379.85,376.21,9814929,369247556575000.0,140975,3712261,0.37820000000000004
2019-05-02,BPCL,EQ,379.85,380.1,382.9,376.0,379.3,378.45,378.53,3848974,145694504650000.0,55526,1100378,0.2859
2019-05-03,BPCL,EQ,378.45,384.95,386.5,378.55,380.6,380.75,382.47,5369514,205370019775000.0,65605,1147278,0.2137
2019-05-06,BPCL,EQ,380.75,380.5,392.0,380.1,389.95,390.35,388.32,9270990,360011757905000.0,116460,3378152,0.3644
2019-05-07,BPCL,EQ,390.35,388.45,388.45,372.1,380.0,378.85,377.34,7497322,282901829475000.0,90459,1364064,0.1819
2019-05-08,BPCL,EQ,378.85,378.05,383.4,373.1,376.4,379.8,379.3,3801308,144182819215000.0,58078,858245,0.2258
2019-05-09,BPCL,EQ,379.8,379.6,379.6,366.55,367.7,368.05,371.61,4513542,167728742435000.0,45216,790374,0.1751
2019-05-10,BPCL,EQ,368.05,367.05,367.5,359.8,362.45,362.95,361.95,4116360,148990823500000.0,51910,868426,0.21100000000000002
2019-05-13,BPCL,EQ,362.95,362.0,367.95,352.85,354.1,355.1,360.13,3810145,137213838084999.98,36083,945955,0.2483
2019-05-14,BPCL,EQ,355.1,354.1,360.8,348.0,358.65,358.6,353.92,4999475,176942051520000.0,59751,2006767,0.40140000000000003
2019-05-15,BPCL,EQ,358.6,359.0,368.25,356.85,357.25,359.55,363.63,6322474,229903843244999.97,64387,1651950,0.2613
2019-05-16,BPCL,EQ,359.55,356.0,378.85,351.5,377.0,375.55,366.7,6605024,242208966785000.0,82869,2159842,0.327
2019-05-17,BPCL,EQ,375.55,372.0,378.85,366.55,377.0,376.2,372.24,6425893,239197120544999.97,82208,1884375,0.2932
2019-05-20,BPCL,EQ,376.2,390.0,396.65,383.5,392.0,391.8,390.78,5197867,203123344865000.0,60158,1334528,0.25670000000000004
2019-05-21,BPCL,EQ,391.8,395.5,397.35,368.3,375.35,374.45,375.08,8378443,314257101230000.0,115684,1969993,0.23510000000000003
2019-05-22,BPCL,EQ,374.45,378.0,388.9,376.0,383.25,384.25,383.89,7762830,298004243345000.0,95303,1756339,0.2262
2019-05-23,BPCL,EQ,384.25,389.9,411.45,382.0,386.1,384.35,397.91,12958801,515644909685000.06,161928,5967768,0.46049999999999996
2019-05-24,BPCL,EQ,384.35,395.0,398.9,386.8,394.9,395.45,392.67,9903134,388865574930000.0,112676,3267768,0.33
2019-05-27,BPCL,EQ,395.45,393.0,403.85,388.85,401.9,402.0,398.99,5111371,203937922870000.0,80175,1349936,0.2641
2019-05-28,BPCL,EQ,402.0,402.0,409.35,397.1,402.2,401.95,402.82,19910596,802039769570000.0,160140,13270448,0.6665000000000001
2019-05-29,BPCL,EQ,401.95,402.0,402.95,393.55,400.35,399.15,397.21,4251528,168874552970000.0,67684,1290389,0.30350000000000005
2019-05-30,BPCL,EQ,399.15,401.0,409.7,400.05,407.55,407.65,405.7,7050963,286060388375000.0,66828,3239275,0.4594
2019-05-31,BPCL,EQ,407.65,414.15,421.7,406.2,408.0,409.35,414.46,13817796,572695152580000.0,153069,4796387,0.3471
2019-06-03,BPCL,EQ,409.35,417.5,419.9,411.15,417.0,417.1,415.45,7021983,291725143875000.0,75489,2186920,0.3114
2019-06-04,BPCL,EQ,417.1,415.4,415.9,406.75,407.5,408.35,411.29,3727312,153298979615000.0,77331,1311891,0.35200000000000004
2019-06-06,BPCL,EQ,408.35,414.0,414.2,395.5,395.9,397.05,403.08,7635450,307773431445000.0,115693,3519868,0.461
2019-06-07,BPCL,EQ,397.05,394.0,404.65,389.6,403.25,403.0,399.42,5527623,220785435910000.0,70035,1331332,0.2409
2019-06-10,BPCL,EQ,403.0,399.25,401.75,386.3,389.85,389.65,391.31,5442044,212950110000000.0,71874,1604708,0.2949
2019-06-11,BPCL,EQ,389.65,388.55,393.5,379.15,386.0,387.0,385.79,6327189,244094610415000.0,64207,1919742,0.3034
2019-06-12,BPCL,EQ,387.0,388.0,390.5,379.45,381.5,381.0,383.44,5203535,199522348455000.0,50995,2059413,0.3958
2019-06-13,BPCL,EQ,381.0,384.9,390.5,383.0,387.9,388.8,386.86,6913721,267465754560000.0,67946,2333611,0.3375
2019-06-14,BPCL,EQ,388.8,386.25,390.6,384.15,385.55,386.5,386.83,3037793,117510955915000.02,65248,1157249,0.381
2019-06-17,BPCL,EQ,386.5,385.15,385.5,376.2,378.2,378.15,380.7,3968261,151071264400000.0,39081,1687740,0.4181
2019-06-18,BPCL,EQ,378.15,378.95,386.9,376.3,386.0,385.55,382.84,3110861,119096474300000.0,54398,679143,0.215
2019-06-19,BPCL,EQ,385.55,385.65,386.75,376.1,378.05,379.35,381.28,4120786,157118520880000.0,57567,1675960,0.4067
2019-06-20,BPCL,EQ,379.35,378.1,386.45,377.0,385.5,385.2,383.43,4306336,165119536070000.0,87018,1658811,0.38520000000000004
2019-06-21,BPCL,EQ,385.2,377.0,387.35,377.0,379.8,380.0,381.43,5393974,205740239770000.0,50244,2738846,0.5078
2019-06-24,BPCL,EQ,380.0,379.0,382.65,373.1,381.0,380.85,376.91,3271602,123310198950000.0,36923,916845,0.2802
2019-06-25,BPCL,EQ,380.85,379.0,394.6,379.0,392.4,393.1,388.94,6204969,241336941169999.97,82485,1839285,0.2964
2019-06-26,BPCL,EQ,393.1,387.5,393.6,386.1,391.2,391.4,389.29,3266267,127152124225000.0,50457,602024,0.1843
2019-06-27,BPCL,EQ,391.4,388.0,398.0,386.6,390.6,392.2,392.07,7031613,275687252090000.0,82744,2942523,0.41850000000000004
2019-06-28,BPCL,EQ,392.2,390.65,396.6,390.5,391.5,392.45,393.71,3493193,137531804070000.0,47457,1597998,0.4575
2019-07-01,BPCL,EQ,392.45,391.0,392.85,374.5,376.35,376.2,382.24,5133734,196233022560000.0,62021,1588257,0.3094
2019-07-02,BPCL,EQ,376.2,379.55,382.0,376.75,378.25,378.5,379.73,5418010,205735731570000.0,56904,1826168,0.3371
2019-07-03,BPCL,EQ,378.5,383.0,385.4,378.95,380.8,381.2,381.68,5099808,194650235845000.0,46365,1982266,0.3887
2019-07-04,BPCL,EQ,381.2,384.0,384.0,378.45,380.0,380.0,380.23,2084424,79256545315000.0,31892,814867,0.3909
2019-07-05,BPCL,EQ,380.0,380.25,380.45,360.75,369.35,370.05,370.57,8951983,331737861635000.0,93311,3473214,0.38799999999999996
2019-07-08,BPCL,EQ,370.05,366.85,367.6,356.15,362.0,360.85,361.2,3715738,134211514105000.0,47549,1263715,0.3401
2019-07-09,BPCL,EQ,360.85,362.0,367.85,358.6,361.15,360.1,362.7,3777964,137028385180000.0,46091,1162635,0.30770000000000003
2019-07-10,BPCL,EQ,360.1,360.15,363.4,346.0,349.85,349.6,354.0,3957006,140078891165000.02,52090,1320541,0.3337
2019-07-11,BPCL,EQ,349.6,348.9,355.5,347.0,350.8,350.55,350.72,6138839,215303789405000.03,61755,2832037,0.46130000000000004
2019-07-12,BPCL,EQ,350.55,352.75,354.8,345.0,345.6,345.75,348.26,4541847,158172888520000.0,78286,2119194,0.46659999999999996
2019-07-15,BPCL,EQ,345.75,346.2,348.3,342.7,347.2,347.4,345.88,3150558,108971166820000.0,62807,1274754,0.4046
2019-07-16,BPCL,EQ,347.4,349.0,356.3,348.6,355.0,354.45,353.71,5296609,187344032500000.0,89114,2427476,0.4583
2019-07-17,BPCL,EQ,354.45,359.0,359.0,350.4,352.8,352.8,352.97,4830701,170508663800000.0,70685,2319074,0.48009999999999997
2019-07-18,BPCL,EQ,352.8,354.0,355.35,347.85,349.7,349.25,351.75,4516450,158866818445000.0,82821,2168467,0.48009999999999997
2019-07-19,BPCL,EQ,349.25,351.3,353.4,346.7,349.4,351.0,350.33,3602823,126218262905000.0,48120,1696136,0.4708
2019-07-22,BPCL,EQ,351.0,349.4,354.9,340.2,353.5,353.5,348.97,3864744,134868499895000.0,71170,1093809,0.28300000000000003
2019-07-23,BPCL,EQ,353.5,353.5,360.0,351.6,359.0,359.05,356.81,3505367,125075647984999.98,52351,1506668,0.42979999999999996
2019-07-24,BPCL,EQ,359.05,358.1,358.2,344.7,349.7,349.1,348.49,4202747,146462939345000.0,40138,1345389,0.3201
2019-07-25,BPCL,EQ,349.1,351.0,351.5,339.4,341.0,340.3,342.93,3515650,120561002334999.98,49146,1772643,0.5042
2019-07-26,BPCL,EQ,340.3,339.4,345.5,335.0,344.2,343.8,340.32,4659856,158583666330000.0,52766,1472340,0.316
2019-07-29,BPCL,EQ,343.8,343.0,347.2,338.75,342.95,342.2,342.51,2417553,82802955500000.0,28017,583787,0.2415
2019-07-30,BPCL,EQ,342.2,343.5,343.5,334.35,335.3,335.5,339.75,2131968,72433336350000.0,39160,756311,0.3547
2019-07-31,BPCL,EQ,335.5,331.5,346.65,328.2,345.0,345.5,339.96,4133401,140517446375000.0,78827,1350481,0.32670000000000005
2019-08-01,BPCL,EQ,345.5,345.0,346.15,339.2,344.0,343.65,342.85,3063358,105025759185000.0,44191,1000764,0.32670000000000005
2019-08-02,BPCL,EQ,343.65,345.0,346.95,337.45,342.0,342.45,342.09,3565682,121978303509999.98,51649,1080079,0.3029
2019-08-05,BPCL,EQ,342.45,340.0,345.4,331.55,338.8,339.0,339.6,2721597,92424667690000.0,48606,745839,0.27399999999999997
2019-08-06,BPCL,EQ,339.0,339.95,347.5,336.6,342.35,345.3,342.88,3315134,113668155030000.0,68871,1006439,0.3036
2019-08-07,BPCL,EQ,345.3,346.95,346.95,329.25,330.55,331.1,336.48,3543555,119233570850000.0,48382,1022558,0.2886
2019-08-08,BPCL,EQ,331.1,333.2,345.05,330.3,344.1,343.5,336.63,4153348,139815675134999.98,65384,1368949,0.3296
2019-08-09,BPCL,EQ,343.5,343.5,350.9,341.0,346.3,346.45,346.65,3854274,133609723325000.0,38089,1172012,0.3041
2019-08-13,BPCL,EQ,346.45,346.0,357.85,342.0,342.9,343.1,350.64,5526502,193782528570000.0,69024,1496971,0.27090000000000003
2019-08-14,BPCL,EQ,343.1,341.0,356.8,341.0,353.05,354.45,352.15,3012716,106092266020000.0,38563,690337,0.2291
2019-08-16,BPCL,EQ,354.45,355.5,355.9,346.35,350.45,351.2,351.26,2590335,90988442620000.0,39463,656119,0.25329999999999997
2019-08-19,BPCL,EQ,351.2,352.0,354.1,346.0,347.1,347.0,348.91,1727376,60269323325000.0,23688,340000,0.1968
2019-08-20,BPCL,EQ,347.0,348.9,348.9,339.1,342.75,342.25,343.2,2348767,80609326250000.0,32016,543200,0.2313
2019-08-21,BPCL,EQ,342.25,335.75,339.45,326.35,327.6,327.8,333.07,4002205,133302107770000.0,45218,1418890,0.35450000000000004
2019-08-22,BPCL,EQ,327.8,328.0,329.85,309.55,313.7,313.0,316.11,5788469,182981440805000.0,66987,2781263,0.4805
2019-08-23,BPCL,EQ,313.0,312.1,330.8,308.35,329.35,329.35,321.6,4669618,150175292980000.0,64226,900059,0.1927
2019-08-26,BPCL,EQ,329.35,331.1,336.7,321.1,334.5,335.4,330.07,3946042,130247034384999.98,67956,716344,0.1815
2019-08-27,BPCL,EQ,335.4,337.0,346.0,334.25,343.0,342.3,341.52,4410906,150639337790000.0,88476,1790710,0.406
2019-08-28,BPCL,EQ,342.3,342.0,352.5,337.5,350.8,350.55,344.03,5017700,172623295045000.0,56932,2221729,0.4428
2019-08-29,BPCL,EQ,350.55,350.8,357.4,346.5,352.85,354.05,352.01,4916466,173063155985000.0,61690,1165025,0.237
2019-08-30,BPCL,EQ,354.05,353.75,356.8,345.15,355.45,355.25,350.82,4448781,156073589275000.0,73591,2046462,0.46
2019-09-03,BPCL,EQ,355.25,355.0,363.2,342.3,355.0,356.2,352.58,7865099,277308127590000.0,90440,1913020,0.2432
2019-09-04,BPCL,EQ,356.2,353.5,366.4,349.0,366.25,363.55,355.75,7292284,259426172630000.03,89935,3009080,0.41259999999999997
2019-09-05,BPCL,EQ,363.55,363.0,385.0,361.05,380.0,380.8,379.16,14927302,565988801985000.0,215976,4272975,0.2863
2019-09-06,BPCL,EQ,380.8,377.0,382.35,373.5,379.5,379.0,378.15,7421767,280655036885000.0,82424,2640652,0.3558
2019-09-09,BPCL,EQ,379.0,376.0,384.0,374.65,382.95,382.0,380.6,3570021,135874077175000.0,37110,552363,0.1547
2019-09-11,BPCL,EQ,382.0,380.0,387.9,378.5,385.5,386.1,384.98,4693876,180703494870000.0,54021,1437551,0.3063
2019-09-12,BPCL,EQ,386.1,387.05,394.35,381.65,384.0,384.2,387.67,5638666,218593439355000.03,60249,1557701,0.2763
2019-09-13,BPCL,EQ,384.2,385.5,412.0,377.4,408.7,408.55,398.99,12776578,509770647975000.0,118270,2055622,0.16090000000000002
2019-09-16,BPCL,EQ,408.55,388.0,391.45,378.5,378.7,380.0,383.95,24840134,953736169275000.0,249479,8625005,0.3472
2019-09-17,BPCL,EQ,380.0,379.9,379.9,367.65,368.5,368.75,372.97,15244892,568582342945000.0,156353,4247972,0.2786
2019-09-18,BPCL,EQ,368.75,379.7,388.75,369.05,382.0,382.1,379.87,24128252,916560781285000.0,207195,3056297,0.1267
2019-09-19,BPCL,EQ,382.1,383.05,386.5,375.65,379.0,379.85,380.84,12880373,490538215155000.0,119962,1762475,0.1368
2019-09-20,BPCL,EQ,379.85,377.55,455.8,372.45,404.5,403.85,405.43,28832903,1168963345175000.0,243177,11576239,0.40149999999999997
2019-09-23,BPCL,EQ,403.85,413.0,463.0,412.05,459.0,450.85,434.14,31006317,1346115864465000.0,306235,8800040,0.2838
2019-09-24,BPCL,EQ,450.85,454.0,474.75,442.0,458.35,461.3,458.27,31333076,1435912252385000.0,306330,5199712,0.1659
2019-09-25,BPCL,EQ,461.3,458.0,473.4,448.45,462.7,465.2,462.5,33159147,1533603832100000.0,336220,6496304,0.1959
2019-09-26,BPCL,EQ,465.2,465.2,482.05,463.3,479.8,480.05,476.03,20669540,983938334935000.0,206491,4805791,0.2325
2019-09-27,BPCL,EQ,480.05,475.0,481.8,465.5,466.85,469.8,474.26,10949127,519270446925000.0,124325,1880518,0.1718
2019-09-30,BPCL,EQ,469.8,472.75,479.5,466.05,473.05,470.1,473.02,13139611,621528102535000.0,130415,2082178,0.1585
2019-10-01,BPCL,EQ,470.1,498.0,511.55,478.75,492.9,493.9,497.67,34100909,1697115668230000.0,314682,5016152,0.1471
2019-10-03,BPCL,EQ,493.9,496.2,539.9,494.4,530.95,531.6,517.68,25984601,1345158282310000.0,309843,4378336,0.1685
2019-10-04,BPCL,EQ,531.6,545.0,545.0,511.6,514.0,515.55,521.98,27515921,1436277616175000.0,295736,4751686,0.1727
2019-10-07,BPCL,EQ,515.55,502.05,507.45,475.45,488.9,490.65,493.03,27449237,1353328035175000.0,264193,8466926,0.3085
2019-10-09,BPCL,EQ,490.65,490.0,495.75,481.65,491.0,492.85,490.63,10858033,532727495720000.0,100796,2671068,0.24600000000000002
2019-10-10,BPCL,EQ,492.85,490.0,494.0,484.1,489.5,489.9,489.64,4629540,226680014810000.0,67444,759812,0.1641
2019-10-11,BPCL,EQ,489.9,488.15,492.55,478.6,487.1,488.0,486.77,7371044,358797779825000.0,108570,1453158,0.19710000000000003
2019-10-14,BPCL,EQ,488.0,490.55,499.0,483.2,485.95,485.95,491.2,11556126,567641743365000.0,133250,3968687,0.34340000000000004
2019-10-15,BPCL,EQ,485.95,489.95,494.5,487.95,491.15,490.3,490.85,5842162,286760443870000.0,73253,1614873,0.27640000000000003
2019-10-16,BPCL,EQ,490.3,504.9,520.0,501.3,511.45,512.4,513.21,20380758,1045968672810000.0,232908,2899417,0.1423
2019-10-17,BPCL,EQ,512.4,512.4,515.3,504.1,511.5,513.3,509.24,8351837,425310652735000.0,98532,1608602,0.19260000000000002
2019-10-18,BPCL,EQ,513.3,510.0,534.9,506.75,523.0,520.3,521.82,14186741,740285669600000.0,142758,3840032,0.2707
2019-10-22,BPCL,EQ,520.3,532.0,538.6,522.35,532.7,534.1,530.33,13574072,719877353930000.0,162953,2681461,0.1975
2019-10-23,BPCL,EQ,534.1,531.5,536.8,524.6,526.0,527.1,530.19,5297051,280846357125000.0,74310,956092,0.18050000000000002
2019-10-24,BPCL,EQ,527.1,525.9,525.9,500.65,516.8,513.05,509.72,14079076,717634501250000.0,177608,3059839,0.21730000000000002
2019-10-25,BPCL,EQ,513.05,516.75,533.2,509.75,523.05,524.15,525.36,13381183,702997459680000.0,143921,1572310,0.11750000000000001
2019-10-27,BPCL,EQ,524.15,528.9,529.0,521.0,529.0,526.8,526.35,1038183,54644673285000.0,11318,253499,0.24420000000000003
2019-10-29,BPCL,EQ,526.8,534.0,534.0,518.0,522.5,522.9,525.12,8316972,436738707675000.0,105050,1797785,0.2162
2019-10-30,BPCL,EQ,522.9,527.0,534.6,518.45,525.7,525.1,528.11,7523025,397301970795000.0,122328,2065867,0.2746
2019-10-31,BPCL,EQ,525.1,527.0,530.85,520.55,525.65,526.6,525.47,7135919,374970747185000.0,95624,3390758,0.47520000000000007
2019-11-01,BPCL,EQ,526.6,520.05,525.8,516.0,519.75,519.4,520.02,5061143,263190749144999.97,63536,1327016,0.2622
2019-11-04,BPCL,EQ,519.4,520.0,527.45,514.3,522.4,522.2,521.78,4681345,244262099740000.0,79257,1781774,0.38060000000000005
2019-11-05,BPCL,EQ,522.2,519.0,522.2,513.4,517.0,517.5,518.05,3281529,169999764700000.0,73057,1042345,0.31760000000000005
2019-11-06,BPCL,EQ,517.5,518.0,525.25,516.1,524.25,523.9,521.04,3805931,198302644970000.0,86362,1002407,0.2634
2019-11-07,BPCL,EQ,523.9,524.3,526.55,510.3,512.4,513.2,516.73,4101853,211953000560000.0,59350,788636,0.1923
2019-11-08,BPCL,EQ,513.2,515.0,515.7,500.5,501.15,502.75,508.03,9862300,501035550625000.0,102393,2915139,0.2956
2019-11-11,BPCL,EQ,502.75,506.65,519.5,499.0,516.9,517.6,511.35,8765071,448197797960000.06,92055,1905892,0.21739999999999998
2019-11-13,BPCL,EQ,517.6,514.0,523.0,507.4,510.0,510.1,515.75,7232793,373032625615000.0,76496,1410629,0.195
2019-11-14,BPCL,EQ,510.1,507.0,520.05,503.8,511.8,514.65,512.54,5416081,277598520305000.03,54478,1052427,0.1943
2019-11-15,BPCL,EQ,514.65,513.95,513.95,504.0,505.05,506.55,508.61,4165497,211862624380000.0,52720,1363066,0.3272
2019-11-18,BPCL,EQ,506.55,520.0,528.0,517.25,520.5,521.75,522.92,17072336,892747112925000.0,180943,2193178,0.1285
2019-11-19,BPCL,EQ,521.75,520.65,521.9,513.5,520.7,518.95,518.18,3549931,183948736875000.0,48370,767955,0.2163
2019-11-20,BPCL,EQ,518.95,528.9,548.0,522.05,544.0,544.6,536.34,18844498,1010699704015000.0,177254,2997724,0.1591
2019-11-21,BPCL,EQ,544.6,549.0,549.0,511.0,512.1,514.1,529.18,22312660,1180743530860000.0,227806,3312369,0.1485
2019-11-22,BPCL,EQ,514.1,513.8,515.45,505.5,508.6,509.4,510.15,11812445,602616079010000.0,111296,2166033,0.1834
2019-11-25,BPCL,EQ,509.4,508.0,514.8,503.3,507.25,507.4,508.87,7698964,391775244140000.0,102582,1573712,0.20440000000000003
2019-11-26,BPCL,EQ,507.4,509.0,510.4,494.4,495.95,496.65,499.36,12419094,620162433220000.0,162500,4136763,0.3331
2019-11-27,BPCL,EQ,496.65,493.0,509.25,488.0,507.0,505.9,499.65,12207925,609973211945000.0,107955,2082600,0.1706
2019-11-28,BPCL,EQ,505.9,506.5,514.25,502.1,509.7,510.0,507.9,7832976,397837625730000.0,83533,1433666,0.18300000000000002
2019-11-29,BPCL,EQ,510.0,511.0,518.45,505.2,510.1,511.55,512.65,7529450,385996281910000.0,93112,1428484,0.18969999999999998
2019-12-02,BPCL,EQ,511.55,508.05,509.5,498.75,499.75,500.05,503.02,4410021,221833846530000.03,65110,1645903,0.37320000000000003
2019-12-03,BPCL,EQ,500.05,502.0,502.4,493.3,494.15,494.5,496.97,3790337,188369552815000.0,63654,1311468,0.34600000000000003
2019-12-04,BPCL,EQ,494.5,494.0,504.25,492.2,500.0,501.2,499.26,4285438,213955268750000.0,51779,981908,0.2291
2019-12-05,BPCL,EQ,501.2,495.0,499.9,490.3,491.5,491.85,494.74,3133215,155013445005000.0,55739,904393,0.2886
2019-12-06,BPCL,EQ,491.85,491.0,496.5,483.5,488.95,488.5,489.94,4693613,229960020240000.0,51791,1123949,0.2395
2019-12-09,BPCL,EQ,488.5,487.45,501.8,485.55,499.25,499.65,495.6,5474113,271295960405000.03,68869,904523,0.16519999999999999
2019-12-10,BPCL,EQ,499.65,495.9,503.7,484.2,485.15,486.3,493.75,7171084,354070068120000.0,91405,1131841,0.1578
2019-12-11,BPCL,EQ,486.3,485.0,491.85,476.2,484.2,482.65,483.79,6880479,332870839470000.0,87519,2402063,0.34909999999999997
2019-12-12,BPCL,EQ,482.65,486.75,498.3,486.0,491.65,491.75,491.45,6414478,315242543325000.0,89774,1642307,0.256
2019-12-13,BPCL,EQ,491.75,492.5,500.8,486.2,496.95,496.75,493.41,7629757,376458499850000.0,102768,1747719,0.2291
2019-12-16,BPCL,EQ,496.75,495.0,499.4,491.1,491.75,492.0,494.11,3006310,148545033565000.0,53132,918086,0.3054
2019-12-17,BPCL,EQ,492.0,492.0,503.5,491.1,496.5,496.05,497.63,6143569,305722344975000.0,88062,1582944,0.2577
2019-12-18,BPCL,EQ,496.05,496.5,498.25,488.1,489.3,489.25,490.77,4657085,228554408294999.97,75310,2176326,0.4673
2019-12-19,BPCL,EQ,489.25,489.0,492.5,485.55,489.95,489.95,489.5,4662706,228239034600000.0,64038,1479143,0.3172
2019-12-20,BPCL,EQ,489.95,489.95,492.4,486.5,487.0,487.8,488.94,3734227,182582069555000.0,57096,1862536,0.4988
2019-12-23,BPCL,EQ,487.8,488.0,499.45,488.0,492.85,493.0,494.33,7428823,367231157440000.0,61546,2694863,0.3628
2019-12-24,BPCL,EQ,493.0,492.0,494.45,471.65,479.6,477.8,483.23,7428318,358957834585000.0,80604,2266753,0.3052
2019-12-26,BPCL,EQ,477.8,476.0,484.55,474.25,476.5,477.2,479.08,10371636,496881793320000.0,95765,1441873,0.139
2019-12-27,BPCL,EQ,477.2,479.5,492.1,477.0,489.95,490.95,486.28,8454378,411119912805000.0,94289,2102232,0.2487
2019-12-30,BPCL,EQ,490.95,490.95,494.8,481.65,492.7,493.05,489.74,8186523,400930546265000.0,83770,1384789,0.16920000000000002
2019-12-31,BPCL,EQ,493.05,492.0,496.0,486.35,491.45,491.55,491.92,5794952,285064234645000.0,69767,1123507,0.19390000000000002
2020-01-01,BPCL,EQ,491.55,492.0,493.9,488.5,491.2,491.65,491.53,2383296,117145837965000.02,27812,305674,0.1283
2020-01-02,BPCL,EQ,491.65,491.2,491.7,486.45,486.85,487.55,488.33,3212483,156874116195000.0,37044,932646,0.2903
2020-01-03,BPCL,EQ,487.55,483.9,486.75,472.85,482.5,483.5,481.4,11327770,545322269095000.0,115581,3142382,0.2774
2020-01-06,BPCL,EQ,483.5,475.0,480.0,465.15,467.9,469.15,471.45,7666317,361431315480000.0,87316,1545870,0.2016
2020-01-07,BPCL,EQ,469.15,467.9,474.75,459.85,462.05,461.0,466.44,11727294,547009977910000.06,102152,1740580,0.1484
2020-01-08,BPCL,EQ,461.0,450.0,464.4,448.55,461.85,459.9,454.3,12371538,562043111835000.06,125543,3052989,0.2468
2020-01-09,BPCL,EQ,459.9,472.15,474.4,465.45,469.45,470.55,469.71,6499656,305296325315000.0,72429,1472897,0.2266
2020-01-10,BPCL,EQ,470.55,473.8,474.7,466.4,468.95,470.25,470.47,4354249,204855890415000.0,52559,1091719,0.25070000000000003
2020-01-13,BPCL,EQ,470.25,471.0,476.25,469.0,470.6,470.75,472.45,3669419,173360826560000.0,63579,1288011,0.35100000000000003
2020-01-14,BPCL,EQ,470.75,473.9,478.75,472.1,473.2,473.35,475.1,3608358,171431597460000.0,58729,859355,0.2382
2020-01-15,BPCL,EQ,473.35,472.5,472.95,463.2,468.0,467.95,467.29,4978259,232630377255000.03,73439,1914146,0.38450000000000006
2020-01-16,BPCL,EQ,467.95,468.0,469.5,460.15,461.1,461.8,464.12,3185275,147833473940000.0,36396,1062020,0.33340000000000003
2020-01-17,BPCL,EQ,461.8,462.0,465.25,452.0,453.8,453.9,457.56,5566299,254692500565000.0,72875,1801885,0.3237
2020-01-20,BPCL,EQ,453.9,454.95,466.7,451.6,457.45,457.15,460.31,5840651,268849266860000.0,66156,873187,0.1495
2020-01-21,BPCL,EQ,457.15,457.6,466.5,455.05,463.5,463.85,461.24,4199420,193692435115000.0,53623,893373,0.2127
2020-01-22,BPCL,EQ,463.85,465.2,466.45,454.1,456.9,455.45,459.47,3730432,171401054095000.0,57996,992051,0.2659
2020-01-23,BPCL,EQ,455.45,459.5,471.8,457.0,467.95,469.0,465.62,5565676,259150834550000.0,63045,957728,0.1721
2020-01-24,BPCL,EQ,469.0,469.25,473.2,464.7,466.0,466.1,469.4,3935630,184738515085000.0,46520,842885,0.21420000000000003
2020-01-27,BPCL,EQ,466.1,466.5,471.8,463.0,465.0,467.75,468.52,4414483,206825564600000.0,40353,1303577,0.2953
2020-01-28,BPCL,EQ,467.75,469.1,482.25,467.6,479.4,480.95,477.96,7608831,363668242550000.0,99810,2270707,0.2984
2020-01-29,BPCL,EQ,480.95,483.95,486.9,476.65,478.65,479.05,482.26,7132327,343964188975000.0,78973,2178212,0.3054
2020-01-30,BPCL,EQ,479.05,480.05,484.5,465.15,468.3,469.65,474.57,5445938,258448429555000.03,61298,1745339,0.32049999999999995
2020-01-31,BPCL,EQ,469.65,470.0,472.6,456.05,456.5,456.95,460.69,6946475,320017961585000.0,85472,2777452,0.3998
2020-02-01,BPCL,EQ,456.95,456.5,464.4,437.3,440.15,443.5,449.48,4577965,205772193460000.0,58035,941935,0.20579999999999998
2020-02-03,BPCL,EQ,443.5,446.25,463.5,442.45,462.0,460.3,457.07,9401450,429712304564999.94,139973,4287119,0.456
2020-02-04,BPCL,EQ,460.3,465.0,481.1,462.0,480.3,478.5,471.58,7841910,369810581755000.0,108529,3206670,0.40890000000000004
2020-02-05,BPCL,EQ,478.5,480.0,507.95,478.0,501.55,501.7,497.22,15117047,751654910590000.0,198766,4574074,0.30260000000000004
2020-02-06,BPCL,EQ,501.7,503.3,510.0,492.2,494.8,495.05,500.87,11233977,562672779085000.06,110973,5042880,0.4489
2020-02-07,BPCL,EQ,495.05,494.8,495.6,486.0,490.0,491.4,490.13,4511015,221099512475000.0,58655,1235169,0.2738
2020-02-10,BPCL,EQ,491.4,492.0,495.55,483.35,484.2,485.45,488.65,4424196,216189151155000.03,51575,1254621,0.2836
2020-02-11,BPCL,EQ,485.45,490.8,493.95,480.05,481.2,481.0,487.58,3971655,193651255115000.0,55023,1045893,0.2633
2020-02-12,BPCL,EQ,481.0,483.0,485.7,473.9,475.5,474.75,478.09,3774602,180459408505000.0,40963,1603316,0.42479999999999996
2020-02-13,BPCL,EQ,474.75,477.7,478.5,468.0,469.0,469.0,472.59,4041500,190997026230000.0,49208,1401294,0.3467
2020-02-14,BPCL,EQ,469.0,471.0,484.5,469.9,477.05,476.45,479.02,11521788,551916403555000.0,123779,2991231,0.2596
2020-02-17,BPCL,EQ,476.45,478.45,478.45,460.0,461.75,461.65,465.84,4512992,210233639650000.0,49885,900744,0.1996
2020-02-18,BPCL,EQ,461.65,461.75,472.5,456.0,472.3,470.75,465.74,5970296,278061858165000.0,58625,897210,0.1503
2020-02-19,BPCL,EQ,470.75,473.5,481.0,469.5,475.15,475.55,474.97,5393417,256173152035000.0,80298,1061689,0.1968
2020-02-20,BPCL,EQ,475.55,474.85,480.0,470.55,471.0,471.75,474.78,4376060,207767235185000.0,56196,1458274,0.3332
2020-02-24,BPCL,EQ,471.75,471.0,475.7,463.0,465.0,464.65,470.3,6191443,291183655980000.0,65359,2646034,0.4274
2020-02-25,BPCL,EQ,464.65,469.8,470.55,454.9,457.6,456.75,462.21,5522023,255232707535000.0,58236,1234799,0.2236
2020-02-26,BPCL,EQ,456.75,457.6,459.55,443.2,447.25,448.8,451.55,7245545,327171468515000.0,71413,2576965,0.3557
2020-02-27,BPCL,EQ,448.8,446.85,449.65,438.5,445.1,444.05,444.37,6089162,270584837600000.0,77816,2318971,0.38079999999999997
2020-02-28,BPCL,EQ,444.05,438.9,438.9,420.5,422.7,426.35,430.0,6099513,262278950780000.03,67659,1975201,0.32380000000000003
2020-03-02,BPCL,EQ,426.35,432.0,441.85,406.5,410.95,412.35,426.08,7812190,332863028925000.0,79514,2071689,0.2652
2020-03-03,BPCL,EQ,412.35,415.1,427.15,413.5,424.4,425.0,420.22,5707796,239854073080000.03,78776,1723240,0.3019
2020-03-04,BPCL,EQ,425.0,422.1,428.7,405.4,413.8,418.7,421.2,7728757,325532927015000.0,79179,3292904,0.4261
2020-03-05,BPCL,EQ,418.7,418.65,429.15,417.05,419.0,418.4,421.75,5725414,241471588685000.0,88699,2090563,0.3651
2020-03-06,BPCL,EQ,418.4,400.2,409.85,398.0,400.8,403.1,402.63,7881457,317333293115000.0,115190,3625826,0.46
2020-03-09,BPCL,EQ,403.1,413.9,454.4,405.8,425.05,423.85,433.87,39795397,1726603925775000.0,350328,7841228,0.197
2020-03-11,BPCL,EQ,423.85,423.35,423.35,401.05,402.0,404.4,409.2,14748108,603497175745000.0,135692,3731287,0.253
2020-03-12,BPCL,EQ,404.4,391.3,392.55,330.55,375.0,344.3,355.7,17598240,625969355295000.0,193966,5443288,0.3093
2020-03-13,BPCL,EQ,344.3,337.8,396.7,275.45,377.5,376.05,360.7,25412132,916620588450000.0,213766,12797807,0.5036
2020-03-16,BPCL,EQ,376.05,350.0,387.25,349.7,364.45,364.65,373.77,16657490,622609591910000.0,199910,5140536,0.3086
2020-03-17,BPCL,EQ,364.65,365.0,385.65,354.0,356.0,357.2,370.72,9824972,364232188095000.0,126964,3157418,0.3214
2020-03-18,BPCL,EQ,357.2,363.95,366.05,328.2,332.4,332.55,339.92,10209326,347039948990000.0,125887,2927786,0.2868
2020-03-19,BPCL,EQ,332.55,311.0,320.0,285.4,297.3,300.25,304.21,13717542,417298058540000.0,178819,4007558,0.2921
2020-03-20,BPCL,EQ,300.25,305.0,323.0,298.6,322.0,317.85,311.77,10196662,317896746275000.0,113727,3371043,0.3306
2020-03-23,BPCL,EQ,317.85,285.0,298.0,262.3,273.0,269.35,280.75,9348723,262461161280000.03,141357,4093137,0.4378
2020-03-24,BPCL,EQ,269.35,277.7,283.0,252.0,268.0,262.85,262.99,9767226,256872068050000.0,167585,3977191,0.4072
2020-03-25,BPCL,EQ,262.85,252.6,276.95,252.6,272.85,273.75,267.6,7459922,199623805335000.0,126120,2876676,0.38560000000000005
2020-03-26,BPCL,EQ,273.75,275.0,286.4,268.5,281.95,282.3,280.35,6314142,177017185585000.0,100178,2025637,0.3208
2020-03-27,BPCL,EQ,282.3,290.0,304.0,274.2,278.95,278.75,286.45,6077944,174105125080000.0,88760,1818936,0.2993
2020-03-30,BPCL,EQ,278.75,269.0,289.5,269.0,276.7,274.75,280.6,6833088,191736993770000.0,100466,1697871,0.24850000000000003
2020-03-31,BPCL,EQ,274.75,284.0,329.7,280.0,312.0,316.9,305.81,16545602,505985038939999.94,229911,2349683,0.142
2020-04-01,BPCL,EQ,316.9,312.0,315.9,293.5,302.95,302.95,301.14,12598826,379399110610000.0,177314,2839904,0.2254
2020-04-03,BPCL,EQ,302.95,301.0,326.0,287.15,317.0,317.15,308.87,14320952,442336355785000.06,210442,3081533,0.2152
2020-04-07,BPCL,EQ,317.15,327.0,359.3,319.5,350.0,351.1,337.43,10592595,357428007910000.0,139654,2859809,0.27
2020-04-08,BPCL,EQ,351.1,350.0,364.2,340.25,345.0,342.3,351.83,9178263,322920897845000.0,131453,1852700,0.20190000000000002
2020-04-09,BPCL,EQ,342.3,345.15,356.65,339.25,347.0,344.9,347.7,7927095,275624237550000.0,116211,1927164,0.24309999999999998
2020-04-13,BPCL,EQ,344.9,345.0,354.55,336.2,347.55,350.1,345.41,4954412,171130284435000.0,80471,1028592,0.2076
2020-04-15,BPCL,EQ,350.1,354.5,370.35,351.1,354.5,353.85,360.4,6299482,227035780880000.03,102749,1880887,0.2986
2020-04-16,BPCL,EQ,353.85,354.5,365.0,349.55,355.75,355.4,356.87,5915878,211120393780000.0,99113,1984842,0.33549999999999996
2020-04-17,BPCL,EQ,355.4,366.0,366.0,354.2,361.0,360.1,359.62,4420519,158971698925000.0,80183,1398281,0.31629999999999997
2020-04-20,BPCL,EQ,360.1,362.15,372.9,361.2,367.9,368.4,367.93,6210492,228505732335000.0,81956,1566020,0.2522
2020-04-21,BPCL,EQ,368.4,366.75,369.45,353.1,357.2,355.25,359.17,5141703,184673512340000.0,86030,1294787,0.2518
2020-04-22,BPCL,EQ,355.25,357.2,360.0,337.15,356.5,356.7,348.29,7126124,248193266385000.0,137790,2192274,0.30760000000000004
2020-04-23,BPCL,EQ,356.7,356.85,362.9,352.5,358.2,355.15,357.67,4171129,149189624560000.0,89914,1453358,0.34840000000000004
2020-04-24,BPCL,EQ,355.15,352.0,356.65,347.0,350.55,350.45,350.6,3456210,121174665275000.0,54033,1199656,0.3471
2020-04-27,BPCL,EQ,350.45,353.2,365.6,352.3,355.4,355.4,359.11,4951298,177804273190000.0,70933,1737208,0.35090000000000005
2020-04-28,BPCL,EQ,355.4,359.8,374.85,354.2,355.0,359.1,364.5,11100227,404608665190000.0,126059,4157323,0.37450000000000006
2020-04-29,BPCL,EQ,359.1,360.0,365.0,355.05,359.95,360.75,360.26,5824380,209829994490000.0,83100,1592777,0.2735
2020-04-30,BPCL,EQ,360.75,364.25,373.4,358.0,371.85,370.0,364.56,8008429,291951967710000.0,121982,2931349,0.36600000000000005
2020-05-04,BPCL,EQ,370.0,362.0,362.0,341.55,347.7,347.9,349.45,7255215,253536807530000.03,93402,3003685,0.414
2020-05-05,BPCL,EQ,347.9,354.0,364.2,345.25,347.0,347.05,354.71,13178660,467466580480000.0,128029,4496252,0.3412
2020-05-06,BPCL,EQ,347.05,321.25,346.45,312.35,342.5,343.8,331.45,20680651,685460931050000.0,267165,4044922,0.1956
2020-05-07,BPCL,EQ,343.8,342.0,342.0,328.2,329.2,329.55,332.33,8550734,284169464050000.0,139483,2010497,0.23510000000000003
2020-05-08,BPCL,EQ,329.55,333.0,336.3,321.2,324.0,324.75,325.76,8499703,276889455330000.03,159990,3014917,0.3547
2020-05-11,BPCL,EQ,324.75,326.0,330.35,311.3,314.5,314.8,317.37,10688017,339204502200000.0,166412,4545040,0.4252
2020-05-12,BPCL,EQ,314.8,310.5,319.8,308.6,312.35,312.5,312.73,8311620,259930156530000.03,133538,2392528,0.2879
2020-05-13,BPCL,EQ,312.5,324.0,324.4,312.75,316.0,316.55,317.73,7620987,242137934194999.97,118103,2791093,0.36619999999999997
2020-05-14,BPCL,EQ,316.55,313.45,316.35,307.25,309.05,309.7,311.11,4832186,150335195920000.0,80087,1461060,0.3024
2020-05-15,BPCL,EQ,309.7,313.0,324.35,311.1,317.8,318.2,319.61,13883667,443735778339999.94,169504,2411054,0.17370000000000002
2020-05-18,BPCL,EQ,318.2,320.55,321.5,291.85,295.05,294.05,302.56,10189450,308293574615000.0,131992,2902706,0.2849
2020-05-19,BPCL,EQ,294.05,301.5,304.4,291.8,294.15,293.3,296.81,6022950,178765607410000.0,84226,1406765,0.2336
2020-05-20,BPCL,EQ,293.3,294.0,311.4,292.05,310.0,308.9,305.21,8671114,264647833369999.97,116181,1573578,0.1815
2020-05-21,BPCL,EQ,308.9,310.0,316.0,301.6,312.35,313.2,310.06,7465658,231480036994999.97,95861,965228,0.1293
2020-05-22,BPCL,EQ,313.2,311.0,324.0,307.25,313.5,315.2,316.49,8539075,270257253475000.0,115053,2072938,0.24280000000000002
2020-05-26,BPCL,EQ,315.2,315.0,320.9,312.05,313.0,313.15,316.73,6106561,193413738870000.0,85801,1921897,0.3147
2020-05-27,BPCL,EQ,313.15,316.8,331.4,312.75,329.0,329.45,323.11,9065338,292909216995000.0,113770,1675627,0.18480000000000002
2020-05-28,BPCL,EQ,329.45,333.9,334.35,320.3,329.0,326.45,325.41,9276773,301874087470000.0,103847,2445241,0.2636
2020-05-29,BPCL,EQ,326.45,328.0,347.15,326.0,340.35,342.8,337.16,13361361,450498022650000.0,170008,4076863,0.30510000000000004
2020-06-01,BPCL,EQ,342.8,344.3,356.7,340.1,345.95,346.3,349.3,10211763,356692184630000.0,134195,2817801,0.2759
2020-06-02,BPCL,EQ,346.3,348.0,348.0,337.3,341.5,341.6,341.52,6319742,215832052110000.0,89031,1776748,0.2811
2020-06-03,BPCL,EQ,341.6,344.0,353.95,339.2,347.9,349.05,348.18,10084092,351110859675000.0,118120,1896628,0.1881
2020-06-04,BPCL,EQ,349.05,342.0,359.4,339.0,356.4,357.25,352.84,16390486,578324379485000.0,218522,2359358,0.1439
2020-06-05,BPCL,EQ,357.25,356.65,372.5,352.2,371.0,369.6,363.5,10985291,399315133655000.0,161766,1807152,0.1645
2020-06-08,BPCL,EQ,369.6,379.6,398.5,376.6,395.6,394.1,391.2,14791948,578660289810000.0,209752,3572704,0.2415
2020-06-09,BPCL,EQ,394.1,400.0,402.05,379.45,380.5,381.5,387.58,9822059,380686411265000.0,150892,2339013,0.23809999999999998
2020-06-10,BPCL,EQ,381.5,384.35,384.35,372.95,379.5,378.95,377.28,7491697,282648775495000.0,132552,2566944,0.34259999999999996
2020-06-11,BPCL,EQ,378.95,378.0,386.5,368.0,371.2,370.05,379.1,8482947,321590119295000.0,134762,1564060,0.1844
2020-06-12,BPCL,EQ,370.05,355.25,376.9,355.25,373.4,373.9,371.98,7819097,290855876175000.0,106497,660843,0.08449999999999999
2020-06-15,BPCL,EQ,373.9,373.9,373.95,356.5,361.2,361.0,363.7,6527306,237396881544999.97,87670,2352815,0.3605
2020-06-16,BPCL,EQ,361.0,369.8,372.15,356.65,359.65,359.75,364.4,5735208,208989875235000.0,78768,1271113,0.22160000000000002
2020-06-17,BPCL,EQ,359.75,359.75,366.5,356.75,364.65,364.6,362.77,5020923,182146404870000.0,63595,1665683,0.33170000000000005
2020-06-18,BPCL,EQ,364.6,364.1,376.45,359.75,371.0,370.25,368.99,6150988,226967924300000.0,85982,1747428,0.2841
2020-06-19,BPCL,EQ,370.25,372.0,384.5,371.0,381.55,380.55,379.31,6635776,251700669919999.97,83052,2322659,0.35000000000000003
